Order_ID,Order_Date,Customer_ID,Customer_Name,Age,Gender,City,Product,Category,Quantity,Unit_Price,Total_Sales,Order_Year,Order_Month,Product_Category,Order_Day,Total_Sales_Calc,Sales_Match,Age_Group
ORD100002,25-02-2025,CUST5529,Customer_227,30,Female,Bengaluru,Rice,Grocery,7,2829.77,19808.39,2025,2,Other,25,19808.39,TRUE,Young Adult
ORD100003,14-10-2025,CUST3127,Customer_182,63,Male,Bengaluru,Book,Education,5,27906.16,139530.8,2025,10,Other,14,139530.8,TRUE,Senior
ORD100004,13-05-2025,CUST8887,Customer_487,62,Female,Bengaluru,Book,Education,8,37491.06,299928.48,2025,5,Other,13,299928.48,TRUE,Senior
ORD100005,02-12-2025,CUST2515,Customer_470,65,Female,Kolkata,Mobile,Electronics,9,28541.36,256872.24,2025,12,Other,2,256872.24,TRUE,Senior
ORD100006,20-11-2025,CUST4796,Customer_380,44,Male,Bengaluru,Rice,Grocery,10,14036.59,140365.9,2025,11,Other,20,140365.9,TRUE,Adult
ORD100007,31-12-2025,CUST3952,Customer_71,40,Female,Hyderabad,Laptop,Electronics,9,35947.47,323527.23,2025,12,Other,31,323527.23,TRUE,Adult
ORD100008,14-10-2025,CUST1758,Customer_335,61,Male,Patna,Mobile,Electronics,6,49997.53,299985.18,2025,10,Other,14,299985.18,TRUE,Senior
ORD100009,05-12-2025,CUST9622,Customer_224,35,Male,Kolkata,Laptop,Electronics,3,9488.83,28466.49,2025,12,Other,5,28466.49,TRUE,Adult
ORD100010,21-11-2025,CUST9770,Customer_494,41,Female,Mumbai,Book,Education,6,19488.23,116929.38,2025,11,Other,21,116929.38,TRUE,Adult
ORD100011,16-04-2025,CUST1312,Customer_40,30,Male,Kolkata,Mobile,Electronics,8,18024.34,144194.72,2025,4,Other,16,144194.72,TRUE,Young Adult
ORD100012,05-05-2025,CUST9642,Customer_162,51,Male,Delhi,Shoes,Fashion,3,14151.42,42454.26,2025,5,Other,5,42454.26,TRUE,Middle Age
ORD100013,02-05-2025,CUST3228,Customer_209,55,Female,Patna,Chair,Furniture,6,47175.43,283052.58,2025,5,Other,2,283052.58,TRUE,Middle Age
ORD100014,06-05-2025,CUST1038,Customer_454,32,Male,Patna,Rice,Grocery,5,7413.68,37068.4,2025,5,Other,6,37068.4,TRUE,Adult
ORD100015,24-04-2025,CUST6413,Customer_490,50,Female,Patna,Shoes,Fashion,8,12042.52,96340.16,2025,4,Other,24,96340.16,TRUE,Middle Age
ORD100016,12-03-2025,CUST8660,Customer_213,42,Female,Patna,Mobile,Electronics,8,25465.31,203722.48,2025,3,Other,12,203722.48,TRUE,Adult
ORD100017,30-08-2025,CUST9307,Customer_313,36,Female,Delhi,Shoes,Fashion,10,20111.09,201110.9,2025,8,Other,30,201110.9,TRUE,Adult
ORD100018,30-11-2025,CUST4363,Customer_161,30,Female,Delhi,Book,Education,10,40109.12,401091.2,2025,11,Other,30,401091.2,TRUE,Young Adult
ORD100019,19-10-2025,CUST3508,Customer_67,31,Male,Gaya,Shoes,Fashion,1,7280.64,7280.64,2025,10,Other,19,7280.64,TRUE,Adult
ORD100020,24-07-2025,CUST5806,Customer_103,57,Female,Mumbai,Chair,Furniture,5,6122.59,30612.95,2025,7,Other,24,30612.95,TRUE,Middle Age
ORD100021,20-03-2025,CUST6504,Customer_357,34,Male,Kolkata,Laptop,Electronics,8,23770.36,190162.88,2025,3,Other,20,190162.88,TRUE,Adult
ORD100022,18-03-2025,CUST8908,Customer_190,65,Male,Pune,Shoes,Fashion,1,2344.98,2344.98,2025,3,Other,18,2344.98,TRUE,Senior
ORD100023,04-10-2025,CUST2903,Customer_122,31,Female,Mumbai,Book,Education,7,15396.37,107774.59,2025,10,Other,4,107774.59,TRUE,Adult
ORD100024,23-11-2025,CUST1406,Customer_499,52,Male,Gaya,Shoes,Fashion,10,31576.5,315765,2025,11,Other,23,315765,TRUE,Middle Age
ORD100025,14-09-2025,CUST8036,Customer_173,44,Male,Patna,Laptop,Electronics,2,11127.06,22254.12,2025,9,Other,14,22254.12,TRUE,Adult
ORD100026,16-03-2025,CUST6532,Customer_348,30,Male,Pune,Rice,Grocery,7,36069.86,252489.02,2025,3,Other,16,252489.02,TRUE,Young Adult
ORD100027,10-04-2025,CUST2482,Customer_183,65,Male,Mumbai,Book,Education,9,39414.46,354730.14,2025,4,Other,10,354730.14,TRUE,Senior
ORD100028,01-08-2025,CUST2003,Customer_48,35,Female,Mumbai,Rice,Grocery,2,23837.41,47674.82,2025,8,Other,1,47674.82,TRUE,Adult
ORD100029,10-08-2025,CUST6149,Customer_181,32,Female,Patna,Laptop,Electronics,5,14534.79,72673.95,2025,8,Other,10,72673.95,TRUE,Adult
ORD100030,05-02-2025,CUST3688,Customer_205,38,Female,Bengaluru,Mobile,Electronics,10,21393.69,213936.9,2025,2,Other,5,213936.9,TRUE,Adult
ORD100031,09-08-2025,CUST3212,Customer_415,33,Male,Gaya,Rice,Grocery,2,21382.16,42764.32,2025,8,Other,9,42764.32,TRUE,Adult
ORD100032,13-05-2025,CUST5063,Customer_50,33,Female,Mumbai,Mobile,Electronics,1,15831.03,15831.03,2025,5,Other,13,15831.03,TRUE,Adult
ORD100033,22-10-2025,CUST9565,Customer_350,21,Female,Mumbai,Book,Education,8,21791.66,174333.28,2025,10,Other,22,174333.28,TRUE,Young Adult
ORD100034,04-12-2025,CUST9325,Customer_352,44,Female,Mumbai,Laptop,Electronics,5,17556.08,87780.4,2025,12,Other,4,87780.4,TRUE,Adult
ORD100035,03-05-2025,CUST4002,Customer_388,18,Female,Gaya,Laptop,Electronics,5,46822.84,234114.2,2025,5,Other,3,234114.2,TRUE,Teen
ORD100036,08-03-2025,CUST8975,Customer_315,36,Female,Gaya,Mobile,Electronics,4,47896.7,191586.8,2025,3,Other,8,191586.8,TRUE,Adult
ORD100037,07-02-2025,CUST2669,Customer_151,46,Male,Bengaluru,Laptop,Electronics,8,44911.49,359291.92,2025,2,Other,7,359291.92,TRUE,Middle Age
ORD100038,20-02-2025,CUST5869,Customer_415,23,Male,Delhi,Chair,Furniture,7,40746.79,285227.53,2025,2,Other,20,285227.53,TRUE,Young Adult
ORD100039,20-10-2025,CUST7249,Customer_144,29,Male,Kolkata,Rice,Grocery,4,4794.08,19176.32,2025,10,Other,20,19176.32,TRUE,Young Adult
ORD100040,07-03-2025,CUST7465,Customer_345,58,Female,Bengaluru,Shoes,Fashion,8,29270.98,234167.84,2025,3,Other,7,234167.84,TRUE,Middle Age
ORD100041,21-04-2025,CUST7988,Customer_383,39,Female,Mumbai,Shoes,Fashion,1,3992.85,3992.85,2025,4,Other,21,3992.85,TRUE,Adult
ORD100042,31-05-2025,CUST9953,Customer_484,50,Female,Hyderabad,Mobile,Electronics,5,44365.94,221829.7,2025,5,Other,31,221829.7,TRUE,Middle Age
ORD100043,20-04-2025,CUST6938,Customer_344,43,Female,Kolkata,Mobile,Electronics,4,29915.72,119662.88,2025,4,Other,20,119662.88,TRUE,Adult
ORD100044,22-09-2025,CUST3006,Customer_256,58,Male,Patna,Chair,Furniture,6,16521.44,99128.64,2025,9,Other,22,99128.64,TRUE,Middle Age
ORD100045,04-07-2025,CUST5151,Customer_409,55,Female,Bengaluru,Rice,Grocery,6,14399.11,86394.66,2025,7,Other,4,86394.66,TRUE,Middle Age
ORD100046,26-04-2025,CUST5903,Customer_396,27,Female,Hyderabad,Shoes,Fashion,9,1491.63,13424.67,2025,4,Other,26,13424.67,TRUE,Young Adult
ORD100047,11-05-2025,CUST4943,Customer_198,34,Male,Mumbai,Rice,Grocery,2,6210.24,12420.48,2025,5,Other,11,12420.48,TRUE,Adult
ORD100048,02-09-2025,CUST4750,Customer_78,42,Female,Delhi,Mobile,Electronics,2,47649.61,95299.22,2025,9,Other,2,95299.22,TRUE,Adult
ORD100049,25-10-2025,CUST2705,Customer_117,55,Male,Kolkata,Mobile,Electronics,5,24854.05,124270.25,2025,10,Other,25,124270.25,TRUE,Middle Age
ORD100051,27-02-2025,CUST1557,Customer_87,39,Female,Mumbai,Chair,Furniture,6,20561.97,123371.82,2025,2,Other,27,123371.82,TRUE,Adult
ORD100052,09-09-2025,CUST2062,Customer_254,58,Male,Patna,Book,Education,10,49367.75,493677.5,2025,9,Other,9,493677.5,TRUE,Middle Age
ORD100053,08-06-2025,CUST9203,Customer_70,33,Male,Delhi,Laptop,Electronics,6,4656.1,27936.6,2025,6,Other,8,27936.6,TRUE,Adult
ORD100054,07-07-2025,CUST8053,Customer_408,58,Male,Delhi,Rice,Grocery,7,42345.82,296420.74,2025,7,Other,7,296420.74,TRUE,Middle Age
ORD100055,16-04-2025,CUST1017,Customer_387,42,Female,Pune,Shoes,Fashion,7,37747.24,264230.68,2025,4,Other,16,264230.68,TRUE,Adult
ORD100056,16-11-2025,CUST2690,Customer_11,26,Male,Delhi,Book,Education,2,33304.17,66608.34,2025,11,Other,16,66608.34,TRUE,Young Adult
ORD100057,07-12-2025,CUST2791,Customer_20,58,Female,Bengaluru,Laptop,Electronics,6,41157.44,246944.64,2025,12,Other,7,246944.64,TRUE,Middle Age
ORD100058,12-03-2025,CUST4496,Customer_53,18,Female,Bengaluru,Chair,Furniture,7,47669.63,333687.41,2025,3,Other,12,333687.41,TRUE,Teen
ORD100059,12-12-2025,CUST8811,Customer_115,50,Female,Bengaluru,Chair,Furniture,1,44708.5,44708.5,2025,12,Other,12,44708.5,TRUE,Middle Age
ORD100060,15-01-2025,CUST2411,Customer_292,47,Female,Mumbai,Mobile,Electronics,5,36809.08,184045.4,2025,1,Other,15,184045.4,TRUE,Middle Age
ORD100061,08-11-2025,CUST2350,Customer_205,46,Male,Pune,Mobile,Electronics,4,25292.97,101171.88,2025,11,Other,8,101171.88,TRUE,Middle Age
ORD100062,06-07-2025,CUST9745,Customer_48,27,Male,Mumbai,Shoes,Fashion,1,29263.26,29263.26,2025,7,Other,6,29263.26,TRUE,Young Adult
ORD100063,15-07-2025,CUST6236,Customer_312,43,Female,Kolkata,Laptop,Electronics,3,5679.91,17039.73,2025,7,Other,15,17039.73,TRUE,Adult
ORD100064,26-09-2025,CUST1887,Customer_209,21,Male,Hyderabad,Chair,Furniture,6,46235.96,277415.76,2025,9,Other,26,277415.76,TRUE,Young Adult
ORD100065,16-05-2025,CUST5386,Customer_125,47,Male,Gaya,Rice,Grocery,9,27164.06,244476.54,2025,5,Other,16,244476.54,TRUE,Middle Age
ORD100066,25-07-2025,CUST8065,Customer_92,53,Male,Kolkata,Mobile,Electronics,10,8905.49,89054.9,2025,7,Other,25,89054.9,TRUE,Middle Age
ORD100067,30-01-2025,CUST8841,Customer_407,36,Female,Patna,Book,Education,10,17406.52,174065.2,2025,1,Other,30,174065.2,TRUE,Adult
ORD100068,25-02-2025,CUST5871,Customer_335,39,Female,Delhi,Chair,Furniture,5,27366.58,136832.9,2025,2,Other,25,136832.9,TRUE,Adult
ORD100069,24-06-2025,CUST9869,Customer_394,40,Female,Hyderabad,Book,Education,5,41282.63,206413.15,2025,6,Other,24,206413.15,TRUE,Adult
ORD100070,15-08-2025,CUST9017,Customer_51,26,Female,Delhi,Book,Education,8,13645.41,109163.28,2025,8,Other,15,109163.28,TRUE,Young Adult
ORD100071,21-10-2025,CUST1808,Customer_150,56,Male,Patna,Chair,Furniture,8,27337.64,218701.12,2025,10,Other,21,218701.12,TRUE,Middle Age
ORD100072,25-08-2025,CUST2565,Customer_360,52,Female,Hyderabad,Shoes,Fashion,5,29219.72,146098.6,2025,8,Other,25,146098.6,TRUE,Middle Age
ORD100073,19-06-2025,CUST4958,Customer_160,45,Male,Gaya,Rice,Grocery,3,8572.65,25717.95,2025,6,Other,19,25717.95,TRUE,Adult
ORD100074,04-12-2025,CUST7587,Customer_223,27,Male,Pune,Laptop,Electronics,9,45419.62,408776.58,2025,12,Other,4,408776.58,TRUE,Young Adult
ORD100076,30-12-2025,CUST8430,Customer_277,45,Male,Gaya,Laptop,Electronics,2,8883.45,17766.9,2025,12,Other,30,17766.9,TRUE,Adult
ORD100077,27-12-2025,CUST1956,Customer_317,22,Female,Bengaluru,Shoes,Fashion,9,12290.45,110614.05,2025,12,Other,27,110614.05,TRUE,Young Adult
ORD100078,14-04-2025,CUST9846,Customer_298,58,Female,Patna,Book,Education,6,10784.64,64707.84,2025,4,Other,14,64707.84,TRUE,Middle Age
ORD100079,01-01-2026,CUST4706,Customer_34,62,Female,Delhi,Rice,Grocery,1,35862.34,35862.34,2026,1,Other,1,35862.34,TRUE,Senior
ORD100080,21-08-2025,CUST5607,Customer_265,61,Female,Gaya,Rice,Grocery,1,13129.64,13129.64,2025,8,Other,21,13129.64,TRUE,Senior
ORD100081,05-03-2025,CUST8211,Customer_62,19,Female,Gaya,Chair,Furniture,9,45747.37,411726.33,2025,3,Other,5,411726.33,TRUE,Young Adult
ORD100082,01-09-2025,CUST5367,Customer_499,25,Female,Hyderabad,Book,Education,6,5849.89,35099.34,2025,9,Other,1,35099.34,TRUE,Young Adult
ORD100083,06-01-2025,CUST8346,Customer_384,30,Male,Hyderabad,Laptop,Electronics,9,48845.5,439609.5,2025,1,Other,6,439609.5,TRUE,Young Adult
ORD100084,24-10-2025,CUST7484,Customer_478,36,Male,Gaya,Book,Education,9,24828.05,223452.45,2025,10,Other,24,223452.45,TRUE,Adult
ORD100085,07-03-2025,CUST7911,Customer_7,59,Male,Delhi,Mobile,Electronics,8,17841.4,142731.2,2025,3,Other,7,142731.2,TRUE,Middle Age
ORD100086,24-08-2025,CUST4229,Customer_234,51,Male,Hyderabad,Book,Education,10,13662.66,136626.6,2025,8,Other,24,136626.6,TRUE,Middle Age
ORD100087,17-03-2025,CUST2290,Customer_195,56,Male,Mumbai,Book,Education,4,12169.49,48677.96,2025,3,Other,17,48677.96,TRUE,Middle Age
ORD100088,17-12-2025,CUST1246,Customer_165,59,Female,Kolkata,Mobile,Electronics,6,349.06,2094.36,2025,12,Other,17,2094.36,TRUE,Middle Age
ORD100089,16-04-2025,CUST3689,Customer_179,44,Female,Delhi,Laptop,Electronics,8,20498.74,163989.92,2025,4,Other,16,163989.92,TRUE,Adult
ORD100090,29-10-2025,CUST7476,Customer_45,21,Female,Hyderabad,Book,Education,9,13111.39,118002.51,2025,10,Other,29,118002.51,TRUE,Young Adult
ORD100091,15-12-2025,CUST7037,Customer_45,34,Male,Mumbai,Rice,Grocery,9,45000.49,405004.41,2025,12,Other,15,405004.41,TRUE,Adult
ORD100092,24-12-2025,CUST8578,Customer_154,48,Male,Kolkata,Laptop,Electronics,2,3455.06,6910.12,2025,12,Other,24,6910.12,TRUE,Middle Age
ORD100093,28-04-2025,CUST6618,Customer_311,19,Male,Pune,Shoes,Fashion,8,28874.64,230997.12,2025,4,Other,28,230997.12,TRUE,Young Adult
ORD100094,07-11-2025,CUST4650,Customer_370,32,Male,Delhi,Shoes,Fashion,3,47917.49,143752.47,2025,11,Other,7,143752.47,TRUE,Adult
ORD100095,19-02-2025,CUST5091,Customer_375,47,Male,Bengaluru,Rice,Grocery,10,21399.51,213995.1,2025,2,Other,19,213995.1,TRUE,Middle Age
ORD100096,31-05-2025,CUST2190,Customer_318,38,Male,Hyderabad,Rice,Grocery,5,15127.88,75639.4,2025,5,Other,31,75639.4,TRUE,Adult
ORD100097,12-11-2025,CUST7277,Customer_320,62,Female,Mumbai,Shoes,Fashion,7,41677.34,291741.38,2025,11,Other,12,291741.38,TRUE,Senior
ORD100098,22-01-2025,CUST8623,Customer_84,32,Male,Hyderabad,Mobile,Electronics,10,40745.55,407455.5,2025,1,Other,22,407455.5,TRUE,Adult
ORD100099,13-02-2025,CUST5232,Customer_395,54,Male,Gaya,Mobile,Electronics,2,31217.12,62434.24,2025,2,Other,13,62434.24,TRUE,Middle Age
ORD100101,05-10-2025,CUST7588,Customer_67,47,Male,Pune,Rice,Grocery,4,6974.66,27898.64,2025,10,Other,5,27898.64,TRUE,Middle Age
ORD100102,19-12-2025,CUST5005,Customer_176,20,Female,Kolkata,Book,Education,9,19437.88,174940.92,2025,12,Other,19,174940.92,TRUE,Young Adult
ORD100103,14-01-2025,CUST3210,Customer_15,43,Female,Mumbai,Laptop,Electronics,9,13617.93,122561.37,2025,1,Other,14,122561.37,TRUE,Adult
ORD100104,12-12-2025,CUST5926,Customer_308,54,Male,Gaya,Chair,Furniture,8,38897.58,311180.64,2025,12,Other,12,311180.64,TRUE,Middle Age
ORD100105,23-11-2025,CUST3809,Customer_394,44,Female,Gaya,Book,Education,6,8547.07,51282.42,2025,11,Other,23,51282.42,TRUE,Adult
ORD100106,26-10-2025,CUST2079,Customer_35,44,Male,Mumbai,Chair,Furniture,7,46263.01,323841.07,2025,10,Other,26,323841.07,TRUE,Adult
ORD100107,09-08-2025,CUST4881,Customer_389,32,Male,Patna,Book,Education,2,2814.55,5629.1,2025,8,Other,9,5629.1,TRUE,Adult
ORD100108,20-03-2025,CUST6707,Customer_420,33,Male,Pune,Mobile,Electronics,8,41112.05,328896.4,2025,3,Other,20,328896.4,TRUE,Adult
ORD100109,18-09-2025,CUST2796,Customer_471,29,Male,Patna,Book,Education,4,36826.88,147307.52,2025,9,Other,18,147307.52,TRUE,Young Adult
ORD100110,15-10-2025,CUST5524,Customer_154,44,Male,Hyderabad,Chair,Furniture,3,42806.52,128419.56,2025,10,Other,15,128419.56,TRUE,Adult
ORD100111,04-09-2025,CUST9882,Customer_103,28,Female,Kolkata,Laptop,Electronics,6,5533,33198,2025,9,Other,4,33198,TRUE,Young Adult
ORD100112,01-03-2025,CUST3001,Customer_341,32,Male,Gaya,Laptop,Electronics,3,2638.97,7916.91,2025,3,Other,1,7916.91,TRUE,Adult
ORD100113,17-01-2025,CUST5433,Customer_355,49,Male,Delhi,Book,Education,4,25002.72,100010.88,2025,1,Other,17,100010.88,TRUE,Middle Age
ORD100114,11-07-2025,CUST3794,Customer_315,35,Female,Hyderabad,Book,Education,10,10391.75,103917.5,2025,7,Other,11,103917.5,TRUE,Adult
ORD100115,09-09-2025,CUST2345,Customer_302,48,Male,Bengaluru,Book,Education,10,22437.16,224371.6,2025,9,Other,9,224371.6,TRUE,Middle Age
ORD100116,13-02-2025,CUST8316,Customer_121,63,Female,Hyderabad,Laptop,Electronics,9,41053.56,369482.04,2025,2,Other,13,369482.04,TRUE,Senior
ORD100117,27-03-2025,CUST9354,Customer_241,46,Female,Patna,Rice,Grocery,2,21391.19,42782.38,2025,3,Other,27,42782.38,TRUE,Middle Age
ORD100118,18-09-2025,CUST2871,Customer_8,33,Female,Delhi,Chair,Furniture,4,36875.19,147500.76,2025,9,Other,18,147500.76,TRUE,Adult
ORD100119,10-04-2025,CUST7341,Customer_457,49,Female,Hyderabad,Mobile,Electronics,4,41640.74,166562.96,2025,4,Other,10,166562.96,TRUE,Middle Age
ORD100050,22-01-2025,CUST3194,Customer_114,34,Male,Kolkata,Book,Education,2,25795.55,51591.1,2025,1,Other,22,51591.1,TRUE,Adult
ORD100121,19-05-2025,CUST9563,Customer_166,24,Male,Gaya,Book,Education,8,4391.72,35133.76,2025,5,Other,19,35133.76,TRUE,Young Adult
ORD100122,22-12-2025,CUST2286,Customer_298,39,Female,Patna,Laptop,Electronics,2,18152.14,36304.28,2025,12,Other,22,36304.28,TRUE,Adult
ORD100123,20-11-2025,CUST2423,Customer_376,23,Male,Hyderabad,Mobile,Electronics,7,16254.12,113778.84,2025,11,Other,20,113778.84,TRUE,Young Adult
ORD100124,08-07-2025,CUST2378,Customer_95,53,Male,Hyderabad,Shoes,Fashion,5,3805.27,19026.35,2025,7,Other,8,19026.35,TRUE,Middle Age
ORD100125,14-01-2025,CUST6995,Customer_374,33,Male,Hyderabad,Book,Education,7,46489.41,325425.87,2025,1,Other,14,325425.87,TRUE,Adult
ORD100126,13-06-2025,CUST3677,Customer_459,34,Female,Patna,Shoes,Fashion,1,17041.21,17041.21,2025,6,Other,13,17041.21,TRUE,Adult
ORD100127,14-01-2025,CUST6627,Customer_353,57,Male,Patna,Rice,Grocery,6,41494.43,248966.58,2025,1,Other,14,248966.58,TRUE,Middle Age
ORD100128,04-12-2025,CUST6238,Customer_258,55,Male,Gaya,Rice,Grocery,10,25930.1,259301,2025,12,Other,4,259301,TRUE,Middle Age
ORD100129,04-03-2025,CUST8352,Customer_400,44,Male,Gaya,Laptop,Electronics,8,26281.83,210254.64,2025,3,Other,4,210254.64,TRUE,Adult
ORD100130,09-03-2025,CUST2870,Customer_495,33,Male,Patna,Mobile,Electronics,8,21833.32,174666.56,2025,3,Other,9,174666.56,TRUE,Adult
ORD100131,29-11-2025,CUST4751,Customer_260,20,Male,Patna,Rice,Grocery,6,40577.1,243462.6,2025,11,Other,29,243462.6,TRUE,Young Adult
ORD100132,17-01-2025,CUST7031,Customer_224,37,Female,Gaya,Shoes,Fashion,5,39039.96,195199.8,2025,1,Other,17,195199.8,TRUE,Adult
ORD100133,25-03-2025,CUST8366,Customer_355,65,Female,Bengaluru,Book,Education,10,29902.97,299029.7,2025,3,Other,25,299029.7,TRUE,Senior
ORD100134,10-02-2025,CUST2863,Customer_375,34,Female,Patna,Mobile,Electronics,7,18967.46,132772.22,2025,2,Other,10,132772.22,TRUE,Adult
ORD100135,10-03-2025,CUST8298,Customer_489,45,Female,Delhi,Mobile,Electronics,10,42943.17,429431.7,2025,3,Other,10,429431.7,TRUE,Adult
ORD100136,21-03-2025,CUST9577,Customer_302,46,Male,Mumbai,Laptop,Electronics,6,24216.91,145301.46,2025,3,Other,21,145301.46,TRUE,Middle Age
ORD100137,30-05-2025,CUST3054,Customer_96,28,Female,Mumbai,Chair,Furniture,9,7093.9,63845.1,2025,5,Other,30,63845.1,TRUE,Young Adult
ORD100138,27-11-2025,CUST6791,Customer_430,22,Female,Pune,Chair,Furniture,5,29748.17,148740.85,2025,11,Other,27,148740.85,TRUE,Young Adult
ORD100139,18-09-2025,CUST7062,Customer_92,52,Male,Bengaluru,Laptop,Electronics,8,22563.72,180509.76,2025,9,Other,18,180509.76,TRUE,Middle Age
ORD100140,04-04-2025,CUST6625,Customer_121,18,Male,Hyderabad,Mobile,Electronics,7,17321.68,121251.76,2025,4,Other,4,121251.76,TRUE,Teen
ORD100141,25-01-2025,CUST4824,Customer_98,24,Male,Gaya,Laptop,Electronics,9,25138.42,226245.78,2025,1,Other,25,226245.78,TRUE,Young Adult
ORD100142,31-07-2025,CUST1339,Customer_107,54,Male,Kolkata,Book,Education,6,33887.35,203324.1,2025,7,Other,31,203324.1,TRUE,Middle Age
ORD100143,05-03-2025,CUST1113,Customer_104,33,Female,Gaya,Shoes,Fashion,6,30177.21,181063.26,2025,3,Other,5,181063.26,TRUE,Adult
ORD100144,30-06-2025,CUST4034,Customer_271,32,Female,Kolkata,Mobile,Electronics,3,28572.4,85717.2,2025,6,Other,30,85717.2,TRUE,Adult
ORD100145,06-12-2025,CUST6997,Customer_244,28,Male,Gaya,Mobile,Electronics,4,6898.4,27593.6,2025,12,Other,6,27593.6,TRUE,Young Adult
ORD100146,12-03-2025,CUST2480,Customer_491,59,Female,Gaya,Shoes,Fashion,1,20740.93,20740.93,2025,3,Other,12,20740.93,TRUE,Middle Age
ORD100147,08-06-2025,CUST9450,Customer_230,18,Male,Bengaluru,Laptop,Electronics,3,37576.35,112729.05,2025,6,Other,8,112729.05,TRUE,Teen
ORD100148,07-07-2025,CUST8408,Customer_249,51,Female,Delhi,Mobile,Electronics,6,20416.04,122496.24,2025,7,Other,7,122496.24,TRUE,Middle Age
ORD100149,17-09-2025,CUST7178,Customer_478,64,Male,Bengaluru,Chair,Furniture,2,8092.78,16185.56,2025,9,Other,17,16185.56,TRUE,Senior
ORD100151,13-09-2025,CUST4829,Customer_202,19,Female,Mumbai,Shoes,Fashion,8,41749.55,333996.4,2025,9,Other,13,333996.4,TRUE,Young Adult
ORD100152,08-02-2025,CUST5188,Customer_286,53,Male,Gaya,Laptop,Electronics,9,48833.27,439499.43,2025,2,Other,8,439499.43,TRUE,Middle Age
ORD100153,26-06-2025,CUST1928,Customer_17,30,Female,Mumbai,Mobile,Electronics,7,48642.53,340497.71,2025,6,Other,26,340497.71,TRUE,Young Adult
ORD100154,26-10-2025,CUST3887,Customer_371,56,Female,Mumbai,Laptop,Electronics,4,42299.16,169196.64,2025,10,Other,26,169196.64,TRUE,Middle Age
ORD100155,18-03-2025,CUST5211,Customer_215,53,Female,Patna,Book,Education,5,38233.51,191167.55,2025,3,Other,18,191167.55,TRUE,Middle Age
ORD100156,22-07-2025,CUST2236,Customer_173,64,Male,Pune,Mobile,Electronics,4,6502.53,26010.12,2025,7,Other,22,26010.12,TRUE,Senior
ORD100157,11-03-2025,CUST5375,Customer_265,60,Male,Bengaluru,Book,Education,2,18293.96,36587.92,2025,3,Other,11,36587.92,TRUE,Middle Age
ORD100158,31-08-2025,CUST4137,Customer_221,36,Male,Gaya,Mobile,Electronics,2,40810.01,81620.02,2025,8,Other,31,81620.02,TRUE,Adult
ORD100159,16-02-2025,CUST5113,Customer_271,30,Female,Kolkata,Mobile,Electronics,7,28469,199283,2025,2,Other,16,199283,TRUE,Young Adult
ORD100160,20-09-2025,CUST7263,Customer_120,55,Male,Hyderabad,Chair,Furniture,10,1085.13,10851.3,2025,9,Other,20,10851.3,TRUE,Middle Age
ORD100161,22-10-2025,CUST2562,Customer_280,65,Male,Bengaluru,Rice,Grocery,3,145.78,437.34,2025,10,Other,22,437.34,TRUE,Senior
ORD100162,03-06-2025,CUST9297,Customer_488,27,Female,Kolkata,Mobile,Electronics,9,22636.01,203724.09,2025,6,Other,3,203724.09,TRUE,Young Adult
ORD100163,04-11-2025,CUST2295,Customer_319,57,Male,Mumbai,Book,Education,6,39830.65,238983.9,2025,11,Other,4,238983.9,TRUE,Middle Age
ORD100164,07-01-2025,CUST3839,Customer_274,61,Male,Bengaluru,Mobile,Electronics,10,41054.72,410547.2,2025,1,Other,7,410547.2,TRUE,Senior
ORD100165,01-01-2026,CUST8010,Customer_187,41,Female,Hyderabad,Rice,Grocery,4,35300.11,141200.44,2026,1,Other,1,141200.44,TRUE,Adult
ORD100166,20-10-2025,CUST9008,Customer_279,54,Female,Hyderabad,Book,Education,5,25053.25,125266.25,2025,10,Other,20,125266.25,TRUE,Middle Age
ORD100167,04-09-2025,CUST3714,Customer_295,37,Female,Patna,Rice,Grocery,7,23674.97,165724.79,2025,9,Other,4,165724.79,TRUE,Adult
ORD100168,03-03-2025,CUST5036,Customer_468,32,Male,Patna,Chair,Furniture,8,37436.26,299490.08,2025,3,Other,3,299490.08,TRUE,Adult
ORD100169,06-08-2025,CUST1479,Customer_375,35,Female,Bengaluru,Chair,Furniture,10,31730.57,317305.7,2025,8,Other,6,317305.7,TRUE,Adult
ORD100170,04-04-2025,CUST9875,Customer_6,49,Male,Bengaluru,Laptop,Electronics,4,30139.27,120557.08,2025,4,Other,4,120557.08,TRUE,Middle Age
ORD100171,20-01-2025,CUST3522,Customer_67,24,Male,Bengaluru,Chair,Furniture,3,10289.67,30869.01,2025,1,Other,20,30869.01,TRUE,Young Adult
ORD100172,10-05-2025,CUST4062,Customer_23,56,Female,Mumbai,Chair,Furniture,1,8906.18,8906.18,2025,5,Other,10,8906.18,TRUE,Middle Age
ORD100173,26-01-2025,CUST4009,Customer_273,18,Male,Hyderabad,Rice,Grocery,2,21856.64,43713.28,2025,1,Other,26,43713.28,TRUE,Teen
ORD100174,08-04-2025,CUST4685,Customer_22,35,Male,Gaya,Rice,Grocery,9,26781.39,241032.51,2025,4,Other,8,241032.51,TRUE,Adult
ORD100175,07-06-2025,CUST3564,Customer_267,41,Male,Patna,Rice,Grocery,9,49390.42,444513.78,2025,6,Other,7,444513.78,TRUE,Adult
ORD100176,11-01-2025,CUST8722,Customer_475,21,Male,Mumbai,Laptop,Electronics,9,21792.76,196134.84,2025,1,Other,11,196134.84,TRUE,Young Adult
ORD100177,04-06-2025,CUST3602,Customer_295,54,Male,Pune,Mobile,Electronics,4,16850.46,67401.84,2025,6,Other,4,67401.84,TRUE,Middle Age
ORD100178,21-06-2025,CUST9812,Customer_333,20,Female,Pune,Mobile,Electronics,2,14098.13,28196.26,2025,6,Other,21,28196.26,TRUE,Young Adult
ORD100179,01-07-2025,CUST4747,Customer_193,44,Male,Gaya,Mobile,Electronics,3,34033.11,102099.33,2025,7,Other,1,102099.33,TRUE,Adult
ORD100180,05-03-2025,CUST1766,Customer_319,27,Male,Kolkata,Laptop,Electronics,5,1423.81,7119.05,2025,3,Other,5,7119.05,TRUE,Young Adult
ORD100181,31-10-2025,CUST3366,Customer_363,55,Male,Delhi,Rice,Grocery,8,29735.57,237884.56,2025,10,Other,31,237884.56,TRUE,Middle Age
ORD100182,26-01-2025,CUST1215,Customer_19,35,Male,Gaya,Chair,Furniture,7,1481,10367,2025,1,Other,26,10367,TRUE,Adult
ORD100183,14-11-2025,CUST3508,Customer_163,60,Female,Pune,Laptop,Electronics,8,23129.36,185034.88,2025,11,Other,14,185034.88,TRUE,Middle Age
ORD100184,24-10-2025,CUST5988,Customer_266,43,Male,Kolkata,Chair,Furniture,2,44336.38,88672.76,2025,10,Other,24,88672.76,TRUE,Adult
ORD100185,15-01-2025,CUST3662,Customer_223,34,Female,Hyderabad,Laptop,Electronics,5,2983.97,14919.85,2025,1,Other,15,14919.85,TRUE,Adult
ORD100186,08-03-2025,CUST3397,Customer_101,44,Male,Gaya,Chair,Furniture,3,8820.55,26461.65,2025,3,Other,8,26461.65,TRUE,Adult
ORD100187,13-05-2025,CUST4777,Customer_233,60,Female,Gaya,Laptop,Electronics,1,21001.73,21001.73,2025,5,Other,13,21001.73,TRUE,Middle Age
ORD100188,27-04-2025,CUST9059,Customer_288,33,Male,Delhi,Laptop,Electronics,9,16767.5,150907.5,2025,4,Other,27,150907.5,TRUE,Adult
ORD100189,26-06-2025,CUST5600,Customer_176,27,Male,Bengaluru,Rice,Grocery,3,47959.38,143878.14,2025,6,Other,26,143878.14,TRUE,Young Adult
ORD100190,08-09-2025,CUST7574,Customer_66,43,Female,Delhi,Chair,Furniture,5,7642.84,38214.2,2025,9,Other,8,38214.2,TRUE,Adult
ORD100191,27-11-2025,CUST1436,Customer_144,60,Female,Delhi,Laptop,Electronics,10,1959.05,19590.5,2025,11,Other,27,19590.5,TRUE,Middle Age
ORD100192,26-02-2025,CUST3625,Customer_382,55,Female,Kolkata,Mobile,Electronics,4,26460.39,105841.56,2025,2,Other,26,105841.56,TRUE,Middle Age
ORD100193,05-06-2025,CUST5168,Customer_295,25,Male,Hyderabad,Laptop,Electronics,6,9132.85,54797.1,2025,6,Other,5,54797.1,TRUE,Young Adult
ORD100194,13-06-2025,CUST6821,Customer_73,24,Male,Pune,Book,Education,8,34260.45,274083.6,2025,6,Other,13,274083.6,TRUE,Young Adult
ORD100195,06-08-2025,CUST6228,Customer_466,41,Female,Pune,Book,Education,4,22321.8,89287.2,2025,8,Other,6,89287.2,TRUE,Adult
ORD100196,19-11-2025,CUST3002,Customer_57,61,Male,Mumbai,Book,Education,8,27492.16,219937.28,2025,11,Other,19,219937.28,TRUE,Senior
ORD100197,26-10-2025,CUST3685,Customer_94,23,Female,Delhi,Chair,Furniture,1,35489.21,35489.21,2025,10,Other,26,35489.21,TRUE,Young Adult
ORD100198,08-02-2025,CUST3417,Customer_102,36,Male,Patna,Laptop,Electronics,8,31510.55,252084.4,2025,2,Other,8,252084.4,TRUE,Adult
ORD100199,04-01-2025,CUST7187,Customer_149,38,Male,Patna,Mobile,Electronics,1,16633.85,16633.85,2025,1,Other,4,16633.85,TRUE,Adult
ORD100201,23-12-2025,CUST2779,Customer_336,44,Female,Patna,Rice,Grocery,7,25521.26,178648.82,2025,12,Other,23,178648.82,TRUE,Adult
ORD100202,26-02-2025,CUST6564,Customer_216,59,Female,Patna,Mobile,Electronics,4,35658.89,142635.56,2025,2,Other,26,142635.56,TRUE,Middle Age
ORD100203,10-03-2025,CUST4996,Customer_449,61,Female,Hyderabad,Laptop,Electronics,8,18088.02,144704.16,2025,3,Other,10,144704.16,TRUE,Senior
ORD100204,16-12-2025,CUST2428,Customer_127,52,Female,Mumbai,Book,Education,3,16041.29,48123.87,2025,12,Other,16,48123.87,TRUE,Middle Age
ORD100205,26-02-2025,CUST2448,Customer_444,59,Female,Kolkata,Chair,Furniture,9,16533.74,148803.66,2025,2,Other,26,148803.66,TRUE,Middle Age
ORD100206,09-03-2025,CUST1049,Customer_243,55,Female,Hyderabad,Book,Education,1,16714.64,16714.64,2025,3,Other,9,16714.64,TRUE,Middle Age
ORD100207,30-08-2025,CUST9728,Customer_338,45,Male,Gaya,Rice,Grocery,4,46356.08,185424.32,2025,8,Other,30,185424.32,TRUE,Adult
ORD100208,25-02-2025,CUST6932,Customer_304,31,Male,Kolkata,Shoes,Fashion,8,2636.28,21090.24,2025,2,Other,25,21090.24,TRUE,Adult
ORD100209,05-04-2025,CUST9159,Customer_12,40,Female,Kolkata,Mobile,Electronics,6,34808.76,208852.56,2025,4,Other,5,208852.56,TRUE,Adult
ORD100210,25-08-2025,CUST6518,Customer_410,44,Female,Hyderabad,Shoes,Fashion,10,17713.87,177138.7,2025,8,Other,25,177138.7,TRUE,Adult
ORD100211,16-04-2025,CUST4756,Customer_15,55,Female,Bengaluru,Book,Education,3,4421.33,13263.99,2025,4,Other,16,13263.99,TRUE,Middle Age
ORD100212,10-04-2025,CUST7659,Customer_445,20,Male,Patna,Chair,Furniture,1,49067.82,49067.82,2025,4,Other,10,49067.82,TRUE,Young Adult
ORD100213,09-11-2025,CUST6727,Customer_452,34,Female,Mumbai,Mobile,Electronics,6,18644.18,111865.08,2025,11,Other,9,111865.08,TRUE,Adult
ORD100214,25-08-2025,CUST8049,Customer_384,37,Female,Delhi,Laptop,Electronics,9,14462.81,130165.29,2025,8,Other,25,130165.29,TRUE,Adult
ORD100215,18-07-2025,CUST4705,Customer_53,43,Female,Hyderabad,Shoes,Fashion,1,29838.32,29838.32,2025,7,Other,18,29838.32,TRUE,Adult
ORD100216,20-03-2025,CUST5355,Customer_108,23,Male,Delhi,Rice,Grocery,5,9508.4,47542,2025,3,Other,20,47542,TRUE,Young Adult
ORD100217,23-03-2025,CUST3186,Customer_412,60,Female,Delhi,Mobile,Electronics,4,39054.95,156219.8,2025,3,Other,23,156219.8,TRUE,Middle Age
ORD100218,07-10-2025,CUST1822,Customer_174,39,Male,Kolkata,Mobile,Electronics,6,20308.85,121853.1,2025,10,Other,7,121853.1,TRUE,Adult
ORD100219,13-01-2025,CUST9645,Customer_341,25,Female,Hyderabad,Rice,Grocery,4,15549.95,62199.8,2025,1,Other,13,62199.8,TRUE,Young Adult
ORD100220,14-09-2025,CUST2997,Customer_181,23,Female,Hyderabad,Laptop,Electronics,1,34192.3,34192.3,2025,9,Other,14,34192.3,TRUE,Young Adult
ORD100221,27-04-2025,CUST2088,Customer_382,65,Female,Hyderabad,Book,Education,2,12214.1,24428.2,2025,4,Other,27,24428.2,TRUE,Senior
ORD100222,13-07-2025,CUST1711,Customer_36,20,Female,Bengaluru,Shoes,Fashion,10,49086.64,490866.4,2025,7,Other,13,490866.4,TRUE,Young Adult
ORD100223,10-01-2025,CUST9840,Customer_347,38,Female,Bengaluru,Mobile,Electronics,8,20404.62,163236.96,2025,1,Other,10,163236.96,TRUE,Adult
ORD100224,06-12-2025,CUST7613,Customer_432,22,Male,Mumbai,Laptop,Electronics,8,49347.28,394778.24,2025,12,Other,6,394778.24,TRUE,Young Adult
ORD100226,08-02-2025,CUST9319,Customer_434,54,Female,Pune,Rice,Grocery,5,7361.11,36805.55,2025,2,Other,8,36805.55,TRUE,Middle Age
ORD100227,07-04-2025,CUST6773,Customer_200,22,Male,Hyderabad,Laptop,Electronics,4,33205.94,132823.76,2025,4,Other,7,132823.76,TRUE,Young Adult
ORD100228,19-06-2025,CUST5214,Customer_142,63,Female,Patna,Chair,Furniture,4,21609.52,86438.08,2025,6,Other,19,86438.08,TRUE,Senior
ORD100229,08-07-2025,CUST3618,Customer_131,28,Male,Pune,Laptop,Electronics,10,33072.39,330723.9,2025,7,Other,8,330723.9,TRUE,Young Adult
ORD100230,01-11-2025,CUST3668,Customer_415,63,Male,Patna,Mobile,Electronics,6,46679.69,280078.14,2025,11,Other,1,280078.14,TRUE,Senior
ORD100231,16-05-2025,CUST7315,Customer_283,45,Female,Mumbai,Book,Education,3,17931.34,53794.02,2025,5,Other,16,53794.02,TRUE,Adult
ORD100232,11-04-2025,CUST9158,Customer_297,61,Male,Gaya,Chair,Furniture,4,5518.32,22073.28,2025,4,Other,11,22073.28,TRUE,Senior
ORD100233,21-06-2025,CUST6522,Customer_468,61,Male,Mumbai,Book,Education,7,15331.09,107317.63,2025,6,Other,21,107317.63,TRUE,Senior
ORD100234,05-09-2025,CUST3760,Customer_360,63,Female,Bengaluru,Shoes,Fashion,1,41626.11,41626.11,2025,9,Other,5,41626.11,TRUE,Senior
ORD100235,22-10-2025,CUST5079,Customer_348,41,Female,Bengaluru,Chair,Furniture,8,33479.62,267836.96,2025,10,Other,22,267836.96,TRUE,Adult
ORD100236,19-05-2025,CUST6082,Customer_301,62,Male,Mumbai,Laptop,Electronics,9,44135.66,397220.94,2025,5,Other,19,397220.94,TRUE,Senior
ORD100237,25-06-2025,CUST8311,Customer_225,32,Male,Bengaluru,Mobile,Electronics,10,4504.89,45048.9,2025,6,Other,25,45048.9,TRUE,Adult
ORD100238,04-02-2025,CUST5945,Customer_49,40,Female,Kolkata,Shoes,Fashion,7,28710.98,200976.86,2025,2,Other,4,200976.86,TRUE,Adult
ORD100239,23-02-2025,CUST9191,Customer_323,38,Male,Hyderabad,Book,Education,6,25562.3,153373.8,2025,2,Other,23,153373.8,TRUE,Adult
ORD100050,01-03-2025,CUST8467,Customer_104,23,Male,Bengaluru,Book,Education,3,2860.83,8582.49,2025,3,Other,1,8582.49,TRUE,Young Adult
ORD100241,12-02-2025,CUST1197,Customer_419,36,Male,Pune,Book,Education,4,1486.03,5944.12,2025,2,Other,12,5944.12,TRUE,Adult
ORD100242,22-12-2025,CUST6111,Customer_204,34,Female,Hyderabad,Laptop,Electronics,8,4159.17,33273.36,2025,12,Other,22,33273.36,TRUE,Adult
ORD100243,04-05-2025,CUST1367,Customer_48,21,Female,Bengaluru,Book,Education,7,6218.47,43529.29,2025,5,Other,4,43529.29,TRUE,Young Adult
ORD100244,27-03-2025,CUST6584,Customer_449,21,Male,Mumbai,Mobile,Electronics,10,29646.26,296462.6,2025,3,Other,27,296462.6,TRUE,Young Adult
ORD100245,21-09-2025,CUST2862,Customer_122,25,Male,Bengaluru,Rice,Grocery,7,10674.88,74724.16,2025,9,Other,21,74724.16,TRUE,Young Adult
ORD100246,31-05-2025,CUST4094,Customer_382,51,Male,Hyderabad,Rice,Grocery,4,44577.29,178309.16,2025,5,Other,31,178309.16,TRUE,Middle Age
ORD100247,17-09-2025,CUST5129,Customer_404,54,Male,Bengaluru,Book,Education,6,36587.03,219522.18,2025,9,Other,17,219522.18,TRUE,Middle Age
ORD100248,09-02-2025,CUST4629,Customer_167,40,Female,Patna,Mobile,Electronics,3,25277.79,75833.37,2025,2,Other,9,75833.37,TRUE,Adult
ORD100249,23-01-2025,CUST5454,Customer_368,19,Female,Hyderabad,Chair,Furniture,10,30855.5,308555,2025,1,Other,23,308555,TRUE,Young Adult
ORD100251,02-04-2025,CUST9047,Customer_363,42,Male,Patna,Laptop,Electronics,7,46461.17,325228.19,2025,4,Other,2,325228.19,TRUE,Adult
ORD100252,28-08-2025,CUST9097,Customer_384,26,Male,Hyderabad,Book,Education,2,32168.36,64336.72,2025,8,Other,28,64336.72,TRUE,Young Adult
ORD100253,16-04-2025,CUST2006,Customer_131,50,Male,Kolkata,Book,Education,2,1655.36,3310.72,2025,4,Other,16,3310.72,TRUE,Middle Age
ORD100254,17-08-2025,CUST5418,Customer_491,41,Female,Kolkata,Book,Education,4,44463.18,177852.72,2025,8,Other,17,177852.72,TRUE,Adult
ORD100255,02-05-2025,CUST8067,Customer_283,47,Female,Patna,Chair,Furniture,6,43576.14,261456.84,2025,5,Other,2,261456.84,TRUE,Middle Age
ORD100256,03-05-2025,CUST3080,Customer_378,41,Female,Pune,Chair,Furniture,1,43789.89,43789.89,2025,5,Other,3,43789.89,TRUE,Adult
ORD100257,15-12-2025,CUST6728,Customer_413,64,Male,Bengaluru,Mobile,Electronics,1,34757.71,34757.71,2025,12,Other,15,34757.71,TRUE,Senior
ORD100258,10-09-2025,CUST7801,Customer_150,41,Male,Pune,Chair,Furniture,7,6196.22,43373.54,2025,9,Other,10,43373.54,TRUE,Adult
ORD100259,18-06-2025,CUST4686,Customer_473,27,Male,Pune,Rice,Grocery,8,36364.84,290918.72,2025,6,Other,18,290918.72,TRUE,Young Adult
ORD100260,20-01-2025,CUST6345,Customer_420,32,Male,Hyderabad,Chair,Furniture,3,15948.34,47845.02,2025,1,Other,20,47845.02,TRUE,Adult
ORD100261,09-07-2025,CUST6927,Customer_165,23,Male,Gaya,Chair,Furniture,5,17292.4,86462,2025,7,Other,9,86462,TRUE,Young Adult
ORD100262,28-10-2025,CUST8686,Customer_404,56,Female,Patna,Chair,Furniture,6,29255.02,175530.12,2025,10,Other,28,175530.12,TRUE,Middle Age
ORD100263,22-06-2025,CUST6585,Customer_214,21,Male,Hyderabad,Rice,Grocery,4,25906.46,103625.84,2025,6,Other,22,103625.84,TRUE,Young Adult
ORD100264,18-04-2025,CUST7176,Customer_434,33,Male,Bengaluru,Chair,Furniture,9,6110.1,54990.9,2025,4,Other,18,54990.9,TRUE,Adult
ORD100265,04-05-2025,CUST9233,Customer_485,35,Male,Hyderabad,Chair,Furniture,10,36331.75,363317.5,2025,5,Other,4,363317.5,TRUE,Adult
ORD100266,26-11-2025,CUST7501,Customer_2,40,Female,Gaya,Rice,Grocery,8,6459.95,51679.6,2025,11,Other,26,51679.6,TRUE,Adult
ORD100267,06-05-2025,CUST7082,Customer_492,21,Female,Bengaluru,Book,Education,4,25164.5,100658,2025,5,Other,6,100658,TRUE,Young Adult
ORD100268,04-04-2025,CUST2463,Customer_390,25,Male,Bengaluru,Laptop,Electronics,5,49665.71,248328.55,2025,4,Other,4,248328.55,TRUE,Young Adult
ORD100269,01-08-2025,CUST1662,Customer_365,31,Female,Pune,Book,Education,7,13789.53,96526.71,2025,8,Other,1,96526.71,TRUE,Adult
ORD100270,25-10-2025,CUST7413,Customer_4,54,Male,Kolkata,Laptop,Electronics,5,16404.25,82021.25,2025,10,Other,25,82021.25,TRUE,Middle Age
ORD100271,26-12-2025,CUST1994,Customer_390,48,Male,Pune,Book,Education,3,32373.88,97121.64,2025,12,Other,26,97121.64,TRUE,Middle Age
ORD100272,03-08-2025,CUST6173,Customer_51,22,Male,Pune,Mobile,Electronics,7,21466.96,150268.72,2025,8,Other,3,150268.72,TRUE,Young Adult
ORD100273,10-01-2025,CUST7374,Customer_375,62,Female,Patna,Book,Education,5,47201.84,236009.2,2025,1,Other,10,236009.2,TRUE,Senior
ORD100274,11-09-2025,CUST4737,Customer_367,22,Female,Patna,Book,Education,5,36171.66,180858.3,2025,9,Other,11,180858.3,TRUE,Young Adult
ORD100275,07-06-2025,CUST3689,Customer_335,34,Female,Patna,Laptop,Electronics,8,47311.77,378494.16,2025,6,Other,7,378494.16,TRUE,Adult
ORD100276,06-09-2025,CUST6444,Customer_251,23,Female,Mumbai,Book,Education,9,28865.26,259787.34,2025,9,Other,6,259787.34,TRUE,Young Adult
ORD100277,13-09-2025,CUST2152,Customer_99,63,Female,Bengaluru,Mobile,Electronics,2,48433.7,96867.4,2025,9,Other,13,96867.4,TRUE,Senior
ORD100278,14-09-2025,CUST1636,Customer_243,63,Female,Patna,Chair,Furniture,7,7528.42,52698.94,2025,9,Other,14,52698.94,TRUE,Senior
ORD100279,30-09-2025,CUST3341,Customer_263,54,Male,Gaya,Mobile,Electronics,4,46629.93,186519.72,2025,9,Other,30,186519.72,TRUE,Middle Age
ORD100280,19-08-2025,CUST1463,Customer_397,21,Female,Bengaluru,Shoes,Fashion,3,32403.32,97209.96,2025,8,Other,19,97209.96,TRUE,Young Adult
ORD100281,26-12-2025,CUST3877,Customer_133,18,Male,Delhi,Mobile,Electronics,6,14220.63,85323.78,2025,12,Other,26,85323.78,TRUE,Teen
ORD100282,28-12-2025,CUST6407,Customer_157,26,Female,Delhi,Laptop,Electronics,6,5810.2,34861.2,2025,12,Other,28,34861.2,TRUE,Young Adult
ORD100283,09-01-2025,CUST4381,Customer_324,39,Female,Kolkata,Laptop,Electronics,6,22627.46,135764.76,2025,1,Other,9,135764.76,TRUE,Adult
ORD100284,09-05-2025,CUST5097,Customer_302,65,Female,Mumbai,Mobile,Electronics,9,20619.08,185571.72,2025,5,Other,9,185571.72,TRUE,Senior
ORD100285,17-10-2025,CUST9910,Customer_110,18,Male,Hyderabad,Shoes,Fashion,2,45034.12,90068.24,2025,10,Other,17,90068.24,TRUE,Teen
ORD100286,23-10-2025,CUST7806,Customer_4,64,Female,Hyderabad,Rice,Grocery,2,40768.5,81537,2025,10,Other,23,81537,TRUE,Senior
ORD100287,11-01-2025,CUST8105,Customer_385,52,Male,Delhi,Mobile,Electronics,3,35888.63,107665.89,2025,1,Other,11,107665.89,TRUE,Middle Age
ORD100288,04-11-2025,CUST6002,Customer_83,46,Male,Delhi,Laptop,Electronics,9,23875.09,214875.81,2025,11,Other,4,214875.81,TRUE,Middle Age
ORD100289,07-11-2025,CUST1334,Customer_364,31,Male,Kolkata,Shoes,Fashion,2,17100.29,34200.58,2025,11,Other,7,34200.58,TRUE,Adult
ORD100290,06-04-2025,CUST9248,Customer_451,51,Male,Mumbai,Chair,Furniture,7,15202.84,106419.88,2025,4,Other,6,106419.88,TRUE,Middle Age
ORD100291,31-08-2025,CUST7152,Customer_423,22,Female,Patna,Mobile,Electronics,6,17696.96,106181.76,2025,8,Other,31,106181.76,TRUE,Young Adult
ORD100292,20-02-2025,CUST8650,Customer_384,23,Male,Gaya,Rice,Grocery,6,13138.1,78828.6,2025,2,Other,20,78828.6,TRUE,Young Adult
ORD100293,16-04-2025,CUST9284,Customer_212,44,Female,Kolkata,Book,Education,5,3842.06,19210.3,2025,4,Other,16,19210.3,TRUE,Adult
ORD100294,02-03-2025,CUST4169,Customer_307,41,Female,Hyderabad,Rice,Grocery,4,6495.5,25982,2025,3,Other,2,25982,TRUE,Adult
ORD100295,04-05-2025,CUST3464,Customer_1,18,Female,Bengaluru,Book,Education,4,43207.48,172829.92,2025,5,Other,4,172829.92,TRUE,Teen
ORD100296,04-07-2025,CUST8294,Customer_103,30,Female,Hyderabad,Book,Education,4,49876.67,199506.68,2025,7,Other,4,199506.68,TRUE,Young Adult
ORD100297,18-11-2025,CUST4845,Customer_401,18,Male,Mumbai,Chair,Furniture,1,2599.12,2599.12,2025,11,Other,18,2599.12,TRUE,Teen
ORD100298,28-07-2025,CUST6538,Customer_365,37,Female,Pune,Mobile,Electronics,4,6652.95,26611.8,2025,7,Other,28,26611.8,TRUE,Adult
ORD100299,25-03-2025,CUST6028,Customer_58,39,Male,Delhi,Laptop,Electronics,4,20533.23,82132.92,2025,3,Other,25,82132.92,TRUE,Adult
ORD100301,12-09-2025,CUST5406,Customer_164,30,Male,Kolkata,Mobile,Electronics,5,9509.13,47545.65,2025,9,Other,12,47545.65,TRUE,Young Adult
ORD100302,09-08-2025,CUST9552,Customer_340,30,Male,Patna,Chair,Furniture,7,1106.55,7745.85,2025,8,Other,9,7745.85,TRUE,Young Adult
ORD100303,27-03-2025,CUST3059,Customer_104,36,Male,Patna,Shoes,Fashion,6,39075.07,234450.42,2025,3,Other,27,234450.42,TRUE,Adult
ORD100304,06-07-2025,CUST1183,Customer_189,20,Female,Gaya,Chair,Furniture,7,7046.4,49324.8,2025,7,Other,6,49324.8,TRUE,Young Adult
ORD100305,27-08-2025,CUST1088,Customer_1,40,Male,Patna,Shoes,Fashion,5,40763.95,203819.75,2025,8,Other,27,203819.75,TRUE,Adult
ORD100306,02-08-2025,CUST8195,Customer_388,52,Female,Patna,Shoes,Fashion,1,3727.43,3727.43,2025,8,Other,2,3727.43,TRUE,Middle Age
ORD100307,01-01-2026,CUST1231,Customer_339,53,Male,Patna,Rice,Grocery,4,46771.94,187087.76,2026,1,Other,1,187087.76,TRUE,Middle Age
ORD100308,12-12-2025,CUST6206,Customer_18,50,Male,Kolkata,Book,Education,7,43207.91,302455.37,2025,12,Other,12,302455.37,TRUE,Middle Age
ORD100309,23-03-2025,CUST7625,Customer_251,50,Female,Patna,Book,Education,3,5803.11,17409.33,2025,3,Other,23,17409.33,TRUE,Middle Age
ORD100310,29-07-2025,CUST1762,Customer_141,27,Male,Delhi,Book,Education,4,30974.95,123899.8,2025,7,Other,29,123899.8,TRUE,Young Adult
ORD100311,08-09-2025,CUST1743,Customer_222,56,Male,Hyderabad,Shoes,Fashion,4,40276.76,161107.04,2025,9,Other,8,161107.04,TRUE,Middle Age
ORD100312,12-11-2025,CUST9788,Customer_229,64,Male,Hyderabad,Mobile,Electronics,8,17270.72,138165.76,2025,11,Other,12,138165.76,TRUE,Senior
ORD100313,23-10-2025,CUST2687,Customer_190,64,Female,Hyderabad,Book,Education,6,8249.36,49496.16,2025,10,Other,23,49496.16,TRUE,Senior
ORD100314,22-07-2025,CUST3094,Customer_47,49,Female,Bengaluru,Mobile,Electronics,8,42935.06,343480.48,2025,7,Other,22,343480.48,TRUE,Middle Age
ORD100315,08-06-2025,CUST7059,Customer_224,51,Female,Delhi,Laptop,Electronics,8,1722.06,13776.48,2025,6,Other,8,13776.48,TRUE,Middle Age
ORD100316,21-04-2025,CUST8229,Customer_161,32,Male,Pune,Mobile,Electronics,5,25857.91,129289.55,2025,4,Other,21,129289.55,TRUE,Adult
ORD100317,25-02-2025,CUST9307,Customer_274,37,Female,Hyderabad,Book,Education,4,47319.13,189276.52,2025,2,Other,25,189276.52,TRUE,Adult
ORD100318,30-01-2025,CUST2457,Customer_462,51,Male,Kolkata,Mobile,Electronics,2,21816.67,43633.34,2025,1,Other,30,43633.34,TRUE,Middle Age
ORD100319,08-06-2025,CUST5057,Customer_158,52,Female,Patna,Shoes,Fashion,3,10075.98,30227.94,2025,6,Other,8,30227.94,TRUE,Middle Age
ORD100320,07-05-2025,CUST1516,Customer_148,52,Male,Mumbai,Laptop,Electronics,9,22182.44,199641.96,2025,5,Other,7,199641.96,TRUE,Middle Age
ORD100321,22-06-2025,CUST4527,Customer_359,54,Male,Mumbai,Book,Education,6,35006.3,210037.8,2025,6,Other,22,210037.8,TRUE,Middle Age
ORD100322,15-08-2025,CUST2650,Customer_276,56,Female,Kolkata,Chair,Furniture,10,16222.64,162226.4,2025,8,Other,15,162226.4,TRUE,Middle Age
ORD100323,20-09-2025,CUST1932,Customer_369,35,Male,Delhi,Mobile,Electronics,4,1935.28,7741.12,2025,9,Other,20,7741.12,TRUE,Adult
ORD100324,20-07-2025,CUST2094,Customer_165,54,Female,Hyderabad,Book,Education,4,28385.87,113543.48,2025,7,Other,20,113543.48,TRUE,Middle Age
ORD100325,26-08-2025,CUST7196,Customer_286,40,Male,Delhi,Chair,Furniture,8,33388.11,267104.88,2025,8,Other,26,267104.88,TRUE,Adult
ORD100326,27-05-2025,CUST2537,Customer_32,30,Female,Bengaluru,Mobile,Electronics,1,1005.21,1005.21,2025,5,Other,27,1005.21,TRUE,Young Adult
ORD100327,30-03-2025,CUST9627,Customer_444,47,Male,Gaya,Rice,Grocery,5,27900.36,139501.8,2025,3,Other,30,139501.8,TRUE,Middle Age
ORD100328,06-05-2025,CUST3044,Customer_27,65,Female,Bengaluru,Rice,Grocery,10,31855.44,318554.4,2025,5,Other,6,318554.4,TRUE,Senior
ORD100329,12-04-2025,CUST9693,Customer_343,48,Male,Patna,Book,Education,9,45988.02,413892.18,2025,4,Other,12,413892.18,TRUE,Middle Age
ORD100330,14-10-2025,CUST5621,Customer_427,62,Female,Delhi,Shoes,Fashion,7,19261.81,134832.67,2025,10,Other,14,134832.67,TRUE,Senior
ORD100331,28-04-2025,CUST6067,Customer_316,55,Male,Patna,Laptop,Electronics,8,22233.15,177865.2,2025,4,Other,28,177865.2,TRUE,Middle Age
ORD100332,03-02-2025,CUST9465,Customer_470,44,Male,Kolkata,Shoes,Fashion,4,2247.11,8988.44,2025,2,Other,3,8988.44,TRUE,Adult
ORD100333,23-07-2025,CUST3773,Customer_336,41,Female,Pune,Chair,Furniture,6,27965.93,167795.58,2025,7,Other,23,167795.58,TRUE,Adult
ORD100334,29-01-2025,CUST5933,Customer_92,29,Male,Mumbai,Chair,Furniture,5,13013.63,65068.15,2025,1,Other,29,65068.15,TRUE,Young Adult
ORD100335,16-10-2025,CUST8904,Customer_152,28,Female,Kolkata,Rice,Grocery,2,31943.19,63886.38,2025,10,Other,16,63886.38,TRUE,Young Adult
ORD100336,24-02-2025,CUST2599,Customer_390,35,Male,Mumbai,Laptop,Electronics,5,26823.14,134115.7,2025,2,Other,24,134115.7,TRUE,Adult
ORD100337,05-12-2025,CUST5249,Customer_236,57,Male,Pune,Shoes,Fashion,10,11637.38,116373.8,2025,12,Other,5,116373.8,TRUE,Middle Age
ORD100338,21-09-2025,CUST9849,Customer_264,53,Female,Delhi,Chair,Furniture,5,38518.95,192594.75,2025,9,Other,21,192594.75,TRUE,Middle Age
ORD100339,02-03-2025,CUST3891,Customer_453,65,Male,Mumbai,Laptop,Electronics,6,25123.86,150743.16,2025,3,Other,2,150743.16,TRUE,Senior
ORD100340,28-10-2025,CUST8154,Customer_224,47,Female,Pune,Mobile,Electronics,9,47289.86,425608.74,2025,10,Other,28,425608.74,TRUE,Middle Age
ORD100341,13-02-2025,CUST1614,Customer_267,52,Female,Bengaluru,Book,Education,4,18655.09,74620.36,2025,2,Other,13,74620.36,TRUE,Middle Age
ORD100342,28-01-2025,CUST9557,Customer_475,47,Male,Mumbai,Book,Education,3,45718.65,137155.95,2025,1,Other,28,137155.95,TRUE,Middle Age
ORD100343,29-10-2025,CUST9253,Customer_371,50,Female,Pune,Rice,Grocery,10,21580.33,215803.3,2025,10,Other,29,215803.3,TRUE,Middle Age
ORD100344,18-12-2025,CUST2794,Customer_98,31,Female,Patna,Shoes,Fashion,5,10932.32,54661.6,2025,12,Other,18,54661.6,TRUE,Adult
ORD100345,01-05-2025,CUST1463,Customer_257,56,Female,Gaya,Mobile,Electronics,6,12740.73,76444.38,2025,5,Other,1,76444.38,TRUE,Middle Age
ORD100346,09-02-2025,CUST2051,Customer_103,31,Male,Bengaluru,Rice,Grocery,9,12137.54,109237.86,2025,2,Other,9,109237.86,TRUE,Adult
ORD100347,16-02-2025,CUST1577,Customer_59,37,Male,Delhi,Shoes,Fashion,1,36943.51,36943.51,2025,2,Other,16,36943.51,TRUE,Adult
ORD100348,16-07-2025,CUST7654,Customer_172,42,Male,Delhi,Rice,Grocery,2,33566.2,67132.4,2025,7,Other,16,67132.4,TRUE,Adult
ORD100349,27-03-2025,CUST9304,Customer_216,38,Female,Bengaluru,Shoes,Fashion,2,32332.27,64664.54,2025,3,Other,27,64664.54,TRUE,Adult
ORD100351,26-03-2025,CUST6828,Customer_222,50,Male,Bengaluru,Chair,Furniture,3,42538.14,127614.42,2025,3,Other,26,127614.42,TRUE,Middle Age
ORD100352,24-02-2025,CUST1170,Customer_67,37,Male,Mumbai,Mobile,Electronics,4,25840.34,103361.36,2025,2,Other,24,103361.36,TRUE,Adult
ORD100353,13-02-2025,CUST3075,Customer_249,55,Male,Bengaluru,Laptop,Electronics,1,8162.84,8162.84,2025,2,Other,13,8162.84,TRUE,Middle Age
ORD100354,08-11-2025,CUST7104,Customer_498,34,Male,Mumbai,Chair,Furniture,5,49012.25,245061.25,2025,11,Other,8,245061.25,TRUE,Adult
ORD100355,20-10-2025,CUST3265,Customer_256,29,Male,Gaya,Rice,Grocery,5,19538.67,97693.35,2025,10,Other,20,97693.35,TRUE,Young Adult
ORD100356,17-08-2025,CUST4601,Customer_82,55,Female,Hyderabad,Book,Education,1,5053.68,5053.68,2025,8,Other,17,5053.68,TRUE,Middle Age
ORD100357,15-07-2025,CUST5743,Customer_248,28,Male,Gaya,Laptop,Electronics,6,14400.18,86401.08,2025,7,Other,15,86401.08,TRUE,Young Adult
ORD100358,11-08-2025,CUST8871,Customer_345,43,Female,Kolkata,Chair,Furniture,4,28464.26,113857.04,2025,8,Other,11,113857.04,TRUE,Adult
ORD100359,26-01-2025,CUST3763,Customer_221,32,Female,Delhi,Shoes,Fashion,5,40682.5,203412.5,2025,1,Other,26,203412.5,TRUE,Adult
ORD100050,11-02-2025,CUST6467,Customer_181,24,Female,Pune,Rice,Grocery,7,45480.39,318362.73,2025,2,Other,11,318362.73,TRUE,Young Adult
ORD100361,26-04-2025,CUST7309,Customer_266,52,Female,Delhi,Book,Education,6,42742.96,256457.76,2025,4,Other,26,256457.76,TRUE,Middle Age
ORD100362,01-10-2025,CUST3281,Customer_243,64,Female,Pune,Laptop,Electronics,10,19010.69,190106.9,2025,10,Other,1,190106.9,TRUE,Senior
ORD100363,30-04-2025,CUST9724,Customer_220,35,Male,Pune,Laptop,Electronics,5,31244.32,156221.6,2025,4,Other,30,156221.6,TRUE,Adult
ORD100364,16-11-2025,CUST5468,Customer_463,32,Male,Bengaluru,Laptop,Electronics,7,42733.08,299131.56,2025,11,Other,16,299131.56,TRUE,Adult
ORD100365,30-12-2025,CUST7621,Customer_375,61,Female,Gaya,Shoes,Fashion,1,44751.42,44751.42,2025,12,Other,30,44751.42,TRUE,Senior
ORD100366,13-03-2025,CUST9551,Customer_230,18,Male,Bengaluru,Mobile,Electronics,10,47493.59,474935.9,2025,3,Other,13,474935.9,TRUE,Teen
ORD100367,07-09-2025,CUST3023,Customer_223,43,Female,Gaya,Shoes,Fashion,8,46122.45,368979.6,2025,9,Other,7,368979.6,TRUE,Adult
ORD100368,06-06-2025,CUST5318,Customer_376,61,Male,Bengaluru,Shoes,Fashion,3,31028.12,93084.36,2025,6,Other,6,93084.36,TRUE,Senior
ORD100369,12-06-2025,CUST9900,Customer_496,26,Male,Bengaluru,Shoes,Fashion,2,48986.48,97972.96,2025,6,Other,12,97972.96,TRUE,Young Adult
ORD100370,26-01-2025,CUST6142,Customer_410,37,Male,Patna,Mobile,Electronics,10,12839.38,128393.8,2025,1,Other,26,128393.8,TRUE,Adult
ORD100371,25-09-2025,CUST8318,Customer_189,29,Female,Kolkata,Mobile,Electronics,1,6050.27,6050.27,2025,9,Other,25,6050.27,TRUE,Young Adult
ORD100372,15-06-2025,CUST9485,Customer_43,57,Male,Mumbai,Mobile,Electronics,2,42518.8,85037.6,2025,6,Other,15,85037.6,TRUE,Middle Age
ORD100373,04-06-2025,CUST9022,Customer_131,49,Female,Mumbai,Rice,Grocery,4,22806.21,91224.84,2025,6,Other,4,91224.84,TRUE,Middle Age
ORD100374,18-01-2025,CUST4041,Customer_433,32,Female,Bengaluru,Laptop,Electronics,4,39453.46,157813.84,2025,1,Other,18,157813.84,TRUE,Adult
ORD100376,28-02-2025,CUST9776,Customer_345,54,Female,Delhi,Rice,Grocery,3,11513.96,34541.88,2025,2,Other,28,34541.88,TRUE,Middle Age
ORD100377,25-10-2025,CUST9292,Customer_89,33,Male,Bengaluru,Shoes,Fashion,8,16079.7,128637.6,2025,10,Other,25,128637.6,TRUE,Adult
ORD100378,29-09-2025,CUST3607,Customer_266,64,Female,Patna,Book,Education,5,21152.92,105764.6,2025,9,Other,29,105764.6,TRUE,Senior
ORD100379,28-04-2025,CUST1032,Customer_20,22,Female,Pune,Mobile,Electronics,7,20998.7,146990.9,2025,4,Other,28,146990.9,TRUE,Young Adult
ORD100380,04-04-2025,CUST6531,Customer_218,57,Male,Kolkata,Rice,Grocery,6,13054.61,78327.66,2025,4,Other,4,78327.66,TRUE,Middle Age
ORD100381,07-06-2025,CUST4482,Customer_139,53,Male,Pune,Mobile,Electronics,9,46780.58,421025.22,2025,6,Other,7,421025.22,TRUE,Middle Age
ORD100382,16-10-2025,CUST4655,Customer_167,35,Male,Kolkata,Shoes,Fashion,7,34258.83,239811.81,2025,10,Other,16,239811.81,TRUE,Adult
ORD100383,25-08-2025,CUST3365,Customer_80,23,Male,Delhi,Mobile,Electronics,7,17055.84,119390.88,2025,8,Other,25,119390.88,TRUE,Young Adult
ORD100384,15-10-2025,CUST1481,Customer_40,40,Female,Patna,Chair,Furniture,10,7876.48,78764.8,2025,10,Other,15,78764.8,TRUE,Adult
ORD100385,24-11-2025,CUST2242,Customer_331,53,Female,Delhi,Mobile,Electronics,10,34976.79,349767.9,2025,11,Other,24,349767.9,TRUE,Middle Age
ORD100386,30-06-2025,CUST8164,Customer_156,34,Female,Delhi,Chair,Furniture,8,38672.34,309378.72,2025,6,Other,30,309378.72,TRUE,Adult
ORD100387,17-06-2025,CUST9469,Customer_426,18,Female,Kolkata,Shoes,Fashion,1,48695.59,48695.59,2025,6,Other,17,48695.59,TRUE,Teen
ORD100388,04-10-2025,CUST3129,Customer_138,39,Male,Hyderabad,Book,Education,9,41871.43,376842.87,2025,10,Other,4,376842.87,TRUE,Adult
ORD100389,30-08-2025,CUST6180,Customer_73,64,Male,Patna,Mobile,Electronics,6,26179.81,157078.86,2025,8,Other,30,157078.86,TRUE,Senior
ORD100390,23-03-2025,CUST2671,Customer_58,52,Male,Delhi,Shoes,Fashion,1,23398.57,23398.57,2025,3,Other,23,23398.57,TRUE,Middle Age
ORD100391,30-03-2025,CUST6111,Customer_388,20,Male,Kolkata,Laptop,Electronics,5,24596.56,122982.8,2025,3,Other,30,122982.8,TRUE,Young Adult
ORD100392,11-08-2025,CUST9927,Customer_357,37,Female,Bengaluru,Shoes,Fashion,1,35804.49,35804.49,2025,8,Other,11,35804.49,TRUE,Adult
ORD100393,09-09-2025,CUST3393,Customer_175,24,Female,Hyderabad,Mobile,Electronics,3,36239.15,108717.45,2025,9,Other,9,108717.45,TRUE,Young Adult
ORD100394,22-11-2025,CUST5569,Customer_188,27,Female,Pune,Shoes,Fashion,5,21143.07,105715.35,2025,11,Other,22,105715.35,TRUE,Young Adult
ORD100395,01-04-2025,CUST5128,Customer_192,47,Male,Bengaluru,Rice,Grocery,8,30277.06,242216.48,2025,4,Other,1,242216.48,TRUE,Middle Age
ORD100396,26-10-2025,CUST8053,Customer_159,53,Female,Mumbai,Laptop,Electronics,4,41264.56,165058.24,2025,10,Other,26,165058.24,TRUE,Middle Age
ORD100397,12-02-2025,CUST3345,Customer_202,35,Female,Gaya,Book,Education,5,11761.9,58809.5,2025,2,Other,12,58809.5,TRUE,Adult
ORD100398,07-03-2025,CUST6600,Customer_242,58,Female,Bengaluru,Mobile,Electronics,9,48807.37,439266.33,2025,3,Other,7,439266.33,TRUE,Middle Age
ORD100399,14-06-2025,CUST5615,Customer_56,63,Female,Bengaluru,Rice,Grocery,4,1895.99,7583.96,2025,6,Other,14,7583.96,TRUE,Senior
ORD100401,13-01-2025,CUST6037,Customer_121,28,Male,Patna,Mobile,Electronics,2,1793.29,3586.58,2025,1,Other,13,3586.58,TRUE,Young Adult
ORD100402,05-04-2025,CUST2137,Customer_57,40,Female,Mumbai,Shoes,Fashion,5,18223.06,91115.3,2025,4,Other,5,91115.3,TRUE,Adult
ORD100403,22-02-2025,CUST4625,Customer_296,25,Female,Gaya,Book,Education,7,43850.91,306956.37,2025,2,Other,22,306956.37,TRUE,Young Adult
ORD100404,10-01-2025,CUST4414,Customer_194,53,Female,Delhi,Book,Education,1,15617.29,15617.29,2025,1,Other,10,15617.29,TRUE,Middle Age
ORD100405,05-04-2025,CUST5778,Customer_346,37,Male,Patna,Shoes,Fashion,2,36062.36,72124.72,2025,4,Other,5,72124.72,TRUE,Adult
ORD100406,21-03-2025,CUST1528,Customer_170,46,Male,Patna,Mobile,Electronics,2,24194.96,48389.92,2025,3,Other,21,48389.92,TRUE,Middle Age
ORD100407,29-06-2025,CUST5430,Customer_333,48,Male,Mumbai,Shoes,Fashion,3,46253.94,138761.82,2025,6,Other,29,138761.82,TRUE,Middle Age
ORD100408,28-02-2025,CUST8759,Customer_20,64,Female,Hyderabad,Chair,Furniture,1,22534.47,22534.47,2025,2,Other,28,22534.47,TRUE,Senior
ORD100409,23-01-2025,CUST9421,Customer_355,64,Female,Bengaluru,Shoes,Fashion,5,23003.28,115016.4,2025,1,Other,23,115016.4,TRUE,Senior
ORD100410,07-07-2025,CUST3440,Customer_28,32,Female,Pune,Laptop,Electronics,5,6619.66,33098.3,2025,7,Other,7,33098.3,TRUE,Adult
ORD100411,11-07-2025,CUST6631,Customer_141,58,Male,Kolkata,Book,Education,4,7231.17,28924.68,2025,7,Other,11,28924.68,TRUE,Middle Age
ORD100412,16-12-2025,CUST9089,Customer_177,24,Male,Patna,Book,Education,10,14441.39,144413.9,2025,12,Other,16,144413.9,TRUE,Young Adult
ORD100413,03-12-2025,CUST4703,Customer_394,58,Male,Patna,Laptop,Electronics,4,39636.15,158544.6,2025,12,Other,3,158544.6,TRUE,Middle Age
ORD100414,18-07-2025,CUST4598,Customer_96,33,Female,Patna,Shoes,Fashion,10,6633.6,66336,2025,7,Other,18,66336,TRUE,Adult
ORD100415,16-01-2025,CUST3277,Customer_148,46,Female,Gaya,Mobile,Electronics,6,31722.52,190335.12,2025,1,Other,16,190335.12,TRUE,Middle Age
ORD100416,30-06-2025,CUST5932,Customer_183,62,Female,Gaya,Rice,Grocery,3,24990.09,74970.27,2025,6,Other,30,74970.27,TRUE,Senior
ORD100417,25-03-2025,CUST7628,Customer_120,56,Male,Bengaluru,Chair,Furniture,6,26716.59,160299.54,2025,3,Other,25,160299.54,TRUE,Middle Age
ORD100418,04-06-2025,CUST9942,Customer_466,29,Female,Kolkata,Mobile,Electronics,8,28813.93,230511.44,2025,6,Other,4,230511.44,TRUE,Young Adult
ORD100419,21-08-2025,CUST6436,Customer_288,52,Male,Bengaluru,Shoes,Fashion,2,2209.43,4418.86,2025,8,Other,21,4418.86,TRUE,Middle Age
ORD100420,12-05-2025,CUST2231,Customer_38,51,Male,Delhi,Mobile,Electronics,2,572.39,1144.78,2025,5,Other,12,1144.78,TRUE,Middle Age
ORD100421,04-10-2025,CUST2956,Customer_177,39,Male,Patna,Chair,Furniture,5,26522.29,132611.45,2025,10,Other,4,132611.45,TRUE,Adult
ORD100422,23-12-2025,CUST1764,Customer_47,24,Male,Hyderabad,Laptop,Electronics,2,25875.53,51751.06,2025,12,Other,23,51751.06,TRUE,Young Adult
ORD100423,03-04-2025,CUST9649,Customer_322,58,Male,Gaya,Mobile,Electronics,9,37176.15,334585.35,2025,4,Other,3,334585.35,TRUE,Middle Age
ORD100424,03-10-2025,CUST6655,Customer_192,31,Female,Pune,Laptop,Electronics,10,315.67,3156.7,2025,10,Other,3,3156.7,TRUE,Adult
ORD100425,28-02-2025,CUST4284,Customer_270,46,Male,Patna,Mobile,Electronics,1,30640.69,30640.69,2025,2,Other,28,30640.69,TRUE,Middle Age
ORD100426,21-06-2025,CUST4269,Customer_268,65,Female,Gaya,Laptop,Electronics,8,23432.88,187463.04,2025,6,Other,21,187463.04,TRUE,Senior
ORD100427,31-05-2025,CUST1253,Customer_334,32,Female,Gaya,Laptop,Electronics,3,29297.53,87892.59,2025,5,Other,31,87892.59,TRUE,Adult
ORD100428,14-02-2025,CUST9754,Customer_304,19,Male,Delhi,Chair,Furniture,6,33928.27,203569.62,2025,2,Other,14,203569.62,TRUE,Young Adult
ORD100429,08-08-2025,CUST2697,Customer_155,49,Male,Hyderabad,Book,Education,6,13857.45,83144.7,2025,8,Other,8,83144.7,TRUE,Middle Age
ORD100430,24-10-2025,CUST9209,Customer_233,21,Female,Mumbai,Laptop,Electronics,9,29804.26,268238.34,2025,10,Other,24,268238.34,TRUE,Young Adult
ORD100431,21-07-2025,CUST4215,Customer_103,28,Male,Delhi,Shoes,Fashion,9,12279.11,110511.99,2025,7,Other,21,110511.99,TRUE,Young Adult
ORD100432,04-02-2025,CUST2935,Customer_26,28,Male,Delhi,Mobile,Electronics,6,5060.75,30364.5,2025,2,Other,4,30364.5,TRUE,Young Adult
ORD100433,11-05-2025,CUST9381,Customer_352,45,Male,Kolkata,Laptop,Electronics,2,42427.93,84855.86,2025,5,Other,11,84855.86,TRUE,Adult
ORD100434,10-06-2025,CUST4982,Customer_370,33,Male,Delhi,Mobile,Electronics,10,43997.22,439972.2,2025,6,Other,10,439972.2,TRUE,Adult
ORD100435,05-01-2025,CUST4849,Customer_209,28,Male,Patna,Rice,Grocery,1,28812.06,28812.06,2025,1,Other,5,28812.06,TRUE,Young Adult
ORD100436,28-05-2025,CUST3418,Customer_499,33,Female,Gaya,Mobile,Electronics,1,1229.02,1229.02,2025,5,Other,28,1229.02,TRUE,Adult
ORD100437,01-08-2025,CUST3459,Customer_320,19,Male,Pune,Mobile,Electronics,3,29528.77,88586.31,2025,8,Other,1,88586.31,TRUE,Young Adult
ORD100438,29-11-2025,CUST7937,Customer_158,43,Female,Mumbai,Chair,Furniture,9,24864.11,223776.99,2025,11,Other,29,223776.99,TRUE,Adult
ORD100439,13-12-2025,CUST8269,Customer_104,34,Female,Bengaluru,Book,Education,8,11693.63,93549.04,2025,12,Other,13,93549.04,TRUE,Adult
ORD100440,26-05-2025,CUST9209,Customer_173,49,Female,Gaya,Shoes,Fashion,2,5988.17,11976.34,2025,5,Other,26,11976.34,TRUE,Middle Age
ORD100441,22-01-2025,CUST9619,Customer_491,30,Male,Pune,Mobile,Electronics,1,3839.04,3839.04,2025,1,Other,22,3839.04,TRUE,Young Adult
ORD100442,30-08-2025,CUST6887,Customer_423,21,Male,Delhi,Chair,Furniture,5,3146.73,15733.65,2025,8,Other,30,15733.65,TRUE,Young Adult
ORD100443,24-07-2025,CUST8515,Customer_445,22,Male,Mumbai,Chair,Furniture,7,33771.26,236398.82,2025,7,Other,24,236398.82,TRUE,Young Adult
ORD100444,01-10-2025,CUST9942,Customer_227,47,Male,Delhi,Mobile,Electronics,3,28342.81,85028.43,2025,10,Other,1,85028.43,TRUE,Middle Age
ORD100445,16-06-2025,CUST1256,Customer_279,34,Male,Kolkata,Mobile,Electronics,5,48457.94,242289.7,2025,6,Other,16,242289.7,TRUE,Adult
ORD100446,23-02-2025,CUST1841,Customer_129,45,Male,Kolkata,Book,Education,2,41096.75,82193.5,2025,2,Other,23,82193.5,TRUE,Adult
ORD100447,28-02-2025,CUST2777,Customer_417,49,Male,Gaya,Mobile,Electronics,9,19415.21,174736.89,2025,2,Other,28,174736.89,TRUE,Middle Age
ORD100448,08-02-2025,CUST2031,Customer_309,45,Female,Gaya,Shoes,Fashion,4,8654.13,34616.52,2025,2,Other,8,34616.52,TRUE,Adult
ORD100449,02-02-2025,CUST9219,Customer_132,30,Female,Gaya,Laptop,Electronics,5,26337.15,131685.75,2025,2,Other,2,131685.75,TRUE,Young Adult
ORD100451,28-02-2025,CUST3773,Customer_181,27,Male,Patna,Chair,Furniture,8,30576,244608,2025,2,Other,28,244608,TRUE,Young Adult
ORD100452,22-01-2025,CUST5766,Customer_85,27,Male,Gaya,Shoes,Fashion,7,32289.77,226028.39,2025,1,Other,22,226028.39,TRUE,Young Adult
ORD100453,30-08-2025,CUST1189,Customer_490,39,Female,Pune,Shoes,Fashion,2,18153.87,36307.74,2025,8,Other,30,36307.74,TRUE,Adult
ORD100454,15-09-2025,CUST4756,Customer_104,57,Female,Delhi,Laptop,Electronics,1,5815.69,5815.69,2025,9,Other,15,5815.69,TRUE,Middle Age
ORD100455,10-08-2025,CUST9125,Customer_19,21,Female,Mumbai,Chair,Furniture,1,47927.36,47927.36,2025,8,Other,10,47927.36,TRUE,Young Adult
ORD100456,16-04-2025,CUST6806,Customer_316,46,Male,Pune,Laptop,Electronics,8,30816.21,246529.68,2025,4,Other,16,246529.68,TRUE,Middle Age
ORD100457,17-02-2025,CUST9543,Customer_448,45,Female,Bengaluru,Chair,Furniture,2,45809.09,91618.18,2025,2,Other,17,91618.18,TRUE,Adult
ORD100458,20-03-2025,CUST6136,Customer_328,22,Male,Hyderabad,Chair,Furniture,10,7127.33,71273.3,2025,3,Other,20,71273.3,TRUE,Young Adult
ORD100459,28-04-2025,CUST9131,Customer_249,38,Female,Delhi,Book,Education,9,41434.83,372913.47,2025,4,Other,28,372913.47,TRUE,Adult
ORD100460,17-04-2025,CUST4317,Customer_498,50,Female,Delhi,Book,Education,4,36242.41,144969.64,2025,4,Other,17,144969.64,TRUE,Middle Age
ORD100461,11-07-2025,CUST5702,Customer_381,48,Female,Pune,Book,Education,10,13908.48,139084.8,2025,7,Other,11,139084.8,TRUE,Middle Age
ORD100462,22-03-2025,CUST9379,Customer_263,38,Female,Kolkata,Laptop,Electronics,1,9009.36,9009.36,2025,3,Other,22,9009.36,TRUE,Adult
ORD100463,25-04-2025,CUST7664,Customer_376,43,Female,Delhi,Shoes,Fashion,6,36021.08,216126.48,2025,4,Other,25,216126.48,TRUE,Adult
ORD100464,17-09-2025,CUST1710,Customer_355,46,Female,Hyderabad,Book,Education,10,44045.66,440456.6,2025,9,Other,17,440456.6,TRUE,Middle Age
ORD100465,30-07-2025,CUST2680,Customer_90,65,Female,Patna,Book,Education,3,41596.85,124790.55,2025,7,Other,30,124790.55,TRUE,Senior
ORD100466,25-08-2025,CUST6783,Customer_7,30,Male,Kolkata,Book,Education,9,21020.37,189183.33,2025,8,Other,25,189183.33,TRUE,Young Adult
ORD100467,27-05-2025,CUST8039,Customer_391,55,Female,Kolkata,Book,Education,6,28483.33,170899.98,2025,5,Other,27,170899.98,TRUE,Middle Age
ORD100468,23-12-2025,CUST7564,Customer_478,20,Female,Patna,Book,Education,8,22060.38,176483.04,2025,12,Other,23,176483.04,TRUE,Young Adult
ORD100469,15-04-2025,CUST8899,Customer_482,30,Male,Delhi,Mobile,Electronics,9,17074.46,153670.14,2025,4,Other,15,153670.14,TRUE,Young Adult
ORD100470,05-05-2025,CUST1453,Customer_60,51,Male,Gaya,Shoes,Fashion,6,7136.1,42816.6,2025,5,Other,5,42816.6,TRUE,Middle Age
ORD100471,18-11-2025,CUST5363,Customer_423,56,Male,Delhi,Rice,Grocery,4,33964.14,135856.56,2025,11,Other,18,135856.56,TRUE,Middle Age
ORD100472,19-03-2025,CUST8325,Customer_16,62,Female,Bengaluru,Chair,Furniture,7,46331.16,324318.12,2025,3,Other,19,324318.12,TRUE,Senior
ORD100473,23-02-2025,CUST7374,Customer_382,21,Male,Mumbai,Rice,Grocery,10,27530.02,275300.2,2025,2,Other,23,275300.2,TRUE,Young Adult
ORD100474,08-12-2025,CUST3741,Customer_461,57,Female,Mumbai,Laptop,Electronics,2,24291.74,48583.48,2025,12,Other,8,48583.48,TRUE,Middle Age
ORD100475,24-07-2025,CUST4758,Customer_372,63,Male,Pune,Laptop,Electronics,5,13257.79,66288.95,2025,7,Other,24,66288.95,TRUE,Senior
ORD100476,22-08-2025,CUST1940,Customer_40,48,Male,Gaya,Shoes,Fashion,10,16360.67,163606.7,2025,8,Other,22,163606.7,TRUE,Middle Age
ORD100477,27-05-2025,CUST3024,Customer_332,22,Female,Patna,Laptop,Electronics,6,40480.73,242884.38,2025,5,Other,27,242884.38,TRUE,Young Adult
ORD100478,09-10-2025,CUST7981,Customer_196,46,Male,Mumbai,Chair,Furniture,2,747.57,1495.14,2025,10,Other,9,1495.14,TRUE,Middle Age
ORD100479,22-08-2025,CUST9259,Customer_276,30,Male,Hyderabad,Laptop,Electronics,2,35420.46,70840.92,2025,8,Other,22,70840.92,TRUE,Young Adult
ORD100050,22-11-2025,CUST8225,Customer_468,64,Male,Bengaluru,Rice,Grocery,8,38957.59,311660.72,2025,11,Other,22,311660.72,TRUE,Senior
ORD100481,26-08-2025,CUST4966,Customer_367,47,Female,Bengaluru,Chair,Furniture,3,2762.18,8286.54,2025,8,Other,26,8286.54,TRUE,Middle Age
ORD100482,07-01-2025,CUST2632,Customer_321,56,Male,Kolkata,Laptop,Electronics,2,33800.83,67601.66,2025,1,Other,7,67601.66,TRUE,Middle Age
ORD100483,16-02-2025,CUST3723,Customer_208,52,Male,Kolkata,Laptop,Electronics,4,4113.4,16453.6,2025,2,Other,16,16453.6,TRUE,Middle Age
ORD100484,24-06-2025,CUST8322,Customer_429,28,Male,Hyderabad,Chair,Furniture,10,24297.48,242974.8,2025,6,Other,24,242974.8,TRUE,Young Adult
ORD100485,25-12-2025,CUST9464,Customer_357,39,Male,Gaya,Book,Education,9,5037.6,45338.4,2025,12,Other,25,45338.4,TRUE,Adult
ORD100486,15-11-2025,CUST4264,Customer_304,26,Female,Patna,Mobile,Electronics,8,34803.41,278427.28,2025,11,Other,15,278427.28,TRUE,Young Adult
ORD100487,24-08-2025,CUST8691,Customer_252,27,Male,Patna,Shoes,Fashion,9,9123.43,82110.87,2025,8,Other,24,82110.87,TRUE,Young Adult
ORD100488,22-02-2025,CUST7117,Customer_6,53,Female,Gaya,Chair,Furniture,6,6567.81,39406.86,2025,2,Other,22,39406.86,TRUE,Middle Age
ORD100489,24-08-2025,CUST4167,Customer_113,41,Female,Kolkata,Mobile,Electronics,9,27766.56,249899.04,2025,8,Other,24,249899.04,TRUE,Adult
ORD100490,16-04-2025,CUST6969,Customer_83,41,Female,Hyderabad,Rice,Grocery,5,33535.53,167677.65,2025,4,Other,16,167677.65,TRUE,Adult
ORD100491,18-04-2025,CUST9486,Customer_19,29,Male,Hyderabad,Shoes,Fashion,9,48011.48,432103.32,2025,4,Other,18,432103.32,TRUE,Young Adult
ORD100492,21-03-2025,CUST2708,Customer_57,52,Male,Delhi,Book,Education,9,21084.4,189759.6,2025,3,Other,21,189759.6,TRUE,Middle Age
ORD100493,28-12-2025,CUST1833,Customer_357,63,Male,Gaya,Book,Education,3,37002.06,111006.18,2025,12,Other,28,111006.18,TRUE,Senior
ORD100494,29-05-2025,CUST8425,Customer_254,47,Male,Delhi,Laptop,Electronics,3,33382.46,100147.38,2025,5,Other,29,100147.38,TRUE,Middle Age
ORD100495,28-07-2025,CUST3911,Customer_304,26,Female,Gaya,Shoes,Fashion,5,16321.45,81607.25,2025,7,Other,28,81607.25,TRUE,Young Adult
ORD100496,29-05-2025,CUST2812,Customer_249,55,Male,Gaya,Chair,Furniture,1,767.61,767.61,2025,5,Other,29,767.61,TRUE,Middle Age
ORD100497,07-04-2025,CUST8000,Customer_275,51,Male,Kolkata,Rice,Grocery,8,18862.36,150898.88,2025,4,Other,7,150898.88,TRUE,Middle Age
ORD100498,31-12-2025,CUST6862,Customer_257,45,Female,Patna,Chair,Furniture,2,47693.33,95386.66,2025,12,Other,31,95386.66,TRUE,Adult
ORD100499,24-08-2025,CUST1616,Customer_288,44,Female,Delhi,Mobile,Electronics,3,33234.99,99704.97,2025,8,Other,24,99704.97,TRUE,Adult
ORD100501,18-06-2025,CUST7494,Customer_188,30,Female,Mumbai,Mobile,Electronics,10,10702.89,107028.9,2025,6,Other,18,107028.9,TRUE,Young Adult
ORD100502,07-12-2025,CUST8789,Customer_4,52,Female,Delhi,Book,Education,2,13323.8,26647.6,2025,12,Other,7,26647.6,TRUE,Middle Age
ORD100503,30-04-2025,CUST4457,Customer_212,31,Female,Hyderabad,Laptop,Electronics,4,27565.01,110260.04,2025,4,Other,30,110260.04,TRUE,Adult
ORD100504,15-07-2025,CUST6258,Customer_229,52,Male,Pune,Mobile,Electronics,1,40225.63,40225.63,2025,7,Other,15,40225.63,TRUE,Middle Age
ORD100505,06-09-2025,CUST9324,Customer_58,61,Female,Hyderabad,Chair,Furniture,1,12494.97,12494.97,2025,9,Other,6,12494.97,TRUE,Senior
ORD100506,02-06-2025,CUST2027,Customer_458,32,Male,Gaya,Rice,Grocery,3,40440.72,121322.16,2025,6,Other,2,121322.16,TRUE,Adult
ORD100507,06-11-2025,CUST9966,Customer_199,44,Male,Kolkata,Laptop,Electronics,10,25386.4,253864,2025,11,Other,6,253864,TRUE,Adult
ORD100508,08-03-2025,CUST3747,Customer_322,47,Female,Mumbai,Laptop,Electronics,3,7991.06,23973.18,2025,3,Other,8,23973.18,TRUE,Middle Age
ORD100509,25-08-2025,CUST9303,Customer_321,44,Female,Kolkata,Mobile,Electronics,9,41886.87,376981.83,2025,8,Other,25,376981.83,TRUE,Adult
ORD100510,21-04-2025,CUST9282,Customer_322,58,Female,Mumbai,Laptop,Electronics,10,7062.57,70625.7,2025,4,Other,21,70625.7,TRUE,Middle Age
ORD100511,22-10-2025,CUST1565,Customer_353,27,Female,Delhi,Book,Education,10,8028.98,80289.8,2025,10,Other,22,80289.8,TRUE,Young Adult
ORD100512,29-10-2025,CUST6704,Customer_335,24,Female,Mumbai,Chair,Furniture,7,49735.32,348147.24,2025,10,Other,29,348147.24,TRUE,Young Adult
ORD100513,24-10-2025,CUST8023,Customer_118,50,Female,Mumbai,Shoes,Fashion,4,25461.32,101845.28,2025,10,Other,24,101845.28,TRUE,Middle Age
ORD100514,09-08-2025,CUST6860,Customer_168,30,Male,Bengaluru,Laptop,Electronics,1,30210.72,30210.72,2025,8,Other,9,30210.72,TRUE,Young Adult
ORD100515,12-02-2025,CUST2661,Customer_370,41,Male,Delhi,Mobile,Electronics,6,42150.74,252904.44,2025,2,Other,12,252904.44,TRUE,Adult
ORD100516,12-05-2025,CUST1316,Customer_3,37,Female,Delhi,Mobile,Electronics,1,16249.69,16249.69,2025,5,Other,12,16249.69,TRUE,Adult
ORD100517,09-05-2025,CUST7283,Customer_262,34,Male,Mumbai,Shoes,Fashion,6,16403.01,98418.06,2025,5,Other,9,98418.06,TRUE,Adult
ORD100518,16-12-2025,CUST3089,Customer_339,35,Female,Kolkata,Laptop,Electronics,7,19933.44,139534.08,2025,12,Other,16,139534.08,TRUE,Adult
ORD100519,19-12-2025,CUST8947,Customer_375,65,Female,Patna,Rice,Grocery,3,48879.87,146639.61,2025,12,Other,19,146639.61,TRUE,Senior
ORD100520,09-11-2025,CUST9042,Customer_354,31,Female,Hyderabad,Chair,Furniture,2,32458.06,64916.12,2025,11,Other,9,64916.12,TRUE,Adult
ORD100521,23-10-2025,CUST8907,Customer_51,47,Male,Hyderabad,Rice,Grocery,9,32104.55,288940.95,2025,10,Other,23,288940.95,TRUE,Middle Age
ORD100522,24-04-2025,CUST6260,Customer_455,37,Male,Gaya,Laptop,Electronics,3,35318.2,105954.6,2025,4,Other,24,105954.6,TRUE,Adult
ORD100523,05-07-2025,CUST9055,Customer_359,62,Male,Gaya,Mobile,Electronics,1,47870.04,47870.04,2025,7,Other,5,47870.04,TRUE,Senior
ORD100524,10-02-2025,CUST3778,Customer_96,39,Female,Bengaluru,Shoes,Fashion,1,47848,47848,2025,2,Other,10,47848,TRUE,Adult
ORD100526,14-02-2025,CUST6706,Customer_215,54,Male,Mumbai,Mobile,Electronics,2,22666.98,45333.96,2025,2,Other,14,45333.96,TRUE,Middle Age
ORD100527,27-03-2025,CUST8200,Customer_147,22,Female,Patna,Mobile,Electronics,8,12225.23,97801.84,2025,3,Other,27,97801.84,TRUE,Young Adult
ORD100528,29-07-2025,CUST5010,Customer_46,41,Female,Pune,Rice,Grocery,7,17760.62,124324.34,2025,7,Other,29,124324.34,TRUE,Adult
ORD100529,08-09-2025,CUST5233,Customer_108,26,Male,Mumbai,Book,Education,6,8151.02,48906.12,2025,9,Other,8,48906.12,TRUE,Young Adult
ORD100530,18-12-2025,CUST4089,Customer_79,42,Male,Gaya,Shoes,Fashion,9,12514.53,112630.77,2025,12,Other,18,112630.77,TRUE,Adult
ORD100531,15-05-2025,CUST7568,Customer_12,65,Male,Gaya,Rice,Grocery,1,40250.63,40250.63,2025,5,Other,15,40250.63,TRUE,Senior
ORD100532,20-09-2025,CUST3835,Customer_256,45,Male,Delhi,Book,Education,3,48031.9,144095.7,2025,9,Other,20,144095.7,TRUE,Adult
ORD100533,08-06-2025,CUST1124,Customer_360,18,Female,Patna,Rice,Grocery,8,45296.32,362370.56,2025,6,Other,8,362370.56,TRUE,Teen
ORD100534,16-07-2025,CUST8700,Customer_233,35,Female,Mumbai,Mobile,Electronics,5,25036.53,125182.65,2025,7,Other,16,125182.65,TRUE,Adult
ORD100535,05-04-2025,CUST2742,Customer_216,22,Female,Delhi,Rice,Grocery,5,21466.01,107330.05,2025,4,Other,5,107330.05,TRUE,Young Adult
ORD100536,14-12-2025,CUST6394,Customer_338,57,Female,Bengaluru,Rice,Grocery,2,28506.81,57013.62,2025,12,Other,14,57013.62,TRUE,Middle Age
ORD100537,30-01-2025,CUST9469,Customer_154,37,Female,Mumbai,Chair,Furniture,6,30698.79,184192.74,2025,1,Other,30,184192.74,TRUE,Adult
ORD100538,09-08-2025,CUST5133,Customer_86,56,Female,Pune,Laptop,Electronics,6,3230.47,19382.82,2025,8,Other,9,19382.82,TRUE,Middle Age
ORD100539,17-10-2025,CUST5535,Customer_146,28,Male,Gaya,Rice,Grocery,6,13606.65,81639.9,2025,10,Other,17,81639.9,TRUE,Young Adult
ORD100540,12-06-2025,CUST1419,Customer_226,28,Male,Mumbai,Rice,Grocery,6,9146.39,54878.34,2025,6,Other,12,54878.34,TRUE,Young Adult
ORD100541,17-11-2025,CUST3972,Customer_336,20,Male,Gaya,Rice,Grocery,9,26764.87,240883.83,2025,11,Other,17,240883.83,TRUE,Young Adult
ORD100542,16-09-2025,CUST2515,Customer_74,26,Female,Patna,Shoes,Fashion,7,6887.98,48215.86,2025,9,Other,16,48215.86,TRUE,Young Adult
ORD100543,30-06-2025,CUST2394,Customer_293,27,Male,Patna,Rice,Grocery,6,49889.13,299334.78,2025,6,Other,30,299334.78,TRUE,Young Adult
ORD100544,21-11-2025,CUST7033,Customer_359,33,Male,Gaya,Laptop,Electronics,4,39050.88,156203.52,2025,11,Other,21,156203.52,TRUE,Adult
ORD100545,19-02-2025,CUST7824,Customer_21,20,Male,Pune,Rice,Grocery,1,14634.25,14634.25,2025,2,Other,19,14634.25,TRUE,Young Adult
ORD100546,24-02-2025,CUST2039,Customer_32,31,Male,Mumbai,Mobile,Electronics,7,33006.89,231048.23,2025,2,Other,24,231048.23,TRUE,Adult
ORD100547,25-12-2025,CUST4569,Customer_238,38,Male,Patna,Laptop,Electronics,9,46663.92,419975.28,2025,12,Other,25,419975.28,TRUE,Adult
ORD100548,10-12-2025,CUST7568,Customer_212,37,Female,Pune,Shoes,Fashion,9,3626.27,32636.43,2025,12,Other,10,32636.43,TRUE,Adult
ORD100549,31-05-2025,CUST1780,Customer_250,64,Male,Hyderabad,Book,Education,8,13184.14,105473.12,2025,5,Other,31,105473.12,TRUE,Senior
ORD100551,26-09-2025,CUST7188,Customer_180,37,Male,Bengaluru,Laptop,Electronics,2,27044.74,54089.48,2025,9,Other,26,54089.48,TRUE,Adult
ORD100552,08-06-2025,CUST7042,Customer_137,60,Male,Kolkata,Book,Education,2,35113.98,70227.96,2025,6,Other,8,70227.96,TRUE,Middle Age
ORD100553,25-12-2025,CUST4646,Customer_365,36,Female,Bengaluru,Rice,Grocery,5,38032.02,190160.1,2025,12,Other,25,190160.1,TRUE,Adult
ORD100554,03-07-2025,CUST3623,Customer_1,35,Male,Mumbai,Mobile,Electronics,9,37614.58,338531.22,2025,7,Other,3,338531.22,TRUE,Adult
ORD100555,28-01-2025,CUST1399,Customer_431,60,Male,Gaya,Book,Education,4,18505.56,74022.24,2025,1,Other,28,74022.24,TRUE,Middle Age
ORD100556,09-12-2025,CUST2515,Customer_219,21,Male,Hyderabad,Mobile,Electronics,6,21017.46,126104.76,2025,12,Other,9,126104.76,TRUE,Young Adult
ORD100557,05-03-2025,CUST7285,Customer_493,18,Female,Hyderabad,Book,Education,8,1204.93,9639.44,2025,3,Other,5,9639.44,TRUE,Teen
ORD100558,02-10-2025,CUST1401,Customer_151,35,Male,Delhi,Rice,Grocery,7,36390.58,254734.06,2025,10,Other,2,254734.06,TRUE,Adult
ORD100559,09-05-2025,CUST9458,Customer_25,22,Male,Delhi,Mobile,Electronics,2,17302.3,34604.6,2025,5,Other,9,34604.6,TRUE,Young Adult
ORD100560,22-10-2025,CUST9612,Customer_463,21,Male,Kolkata,Mobile,Electronics,10,6613.42,66134.2,2025,10,Other,22,66134.2,TRUE,Young Adult
ORD100561,11-01-2025,CUST2520,Customer_93,34,Female,Kolkata,Mobile,Electronics,5,28280.37,141401.85,2025,1,Other,11,141401.85,TRUE,Adult
ORD100562,07-09-2025,CUST3001,Customer_327,56,Female,Delhi,Book,Education,1,6150.86,6150.86,2025,9,Other,7,6150.86,TRUE,Middle Age
ORD100563,29-12-2025,CUST7491,Customer_139,46,Female,Bengaluru,Rice,Grocery,4,26924.41,107697.64,2025,12,Other,29,107697.64,TRUE,Middle Age
ORD100564,16-03-2025,CUST3473,Customer_20,56,Male,Hyderabad,Book,Education,3,6301.32,18903.96,2025,3,Other,16,18903.96,TRUE,Middle Age
ORD100565,12-10-2025,CUST6748,Customer_2,40,Female,Patna,Book,Education,10,39690.68,396906.8,2025,10,Other,12,396906.8,TRUE,Adult
ORD100566,23-10-2025,CUST4722,Customer_390,63,Male,Bengaluru,Chair,Furniture,6,36327.94,217967.64,2025,10,Other,23,217967.64,TRUE,Senior
ORD100567,20-01-2025,CUST5431,Customer_396,60,Female,Mumbai,Mobile,Electronics,10,21547.89,215478.9,2025,1,Other,20,215478.9,TRUE,Middle Age
ORD100568,13-04-2025,CUST3316,Customer_458,41,Female,Patna,Book,Education,8,32749.76,261998.08,2025,4,Other,13,261998.08,TRUE,Adult
ORD100569,17-03-2025,CUST9510,Customer_345,21,Female,Kolkata,Chair,Furniture,10,43251.3,432513,2025,3,Other,17,432513,TRUE,Young Adult
ORD100570,08-03-2025,CUST9273,Customer_162,32,Female,Hyderabad,Chair,Furniture,3,47748.45,143245.35,2025,3,Other,8,143245.35,TRUE,Adult
ORD100571,22-12-2025,CUST5206,Customer_327,52,Female,Patna,Book,Education,4,16276.94,65107.76,2025,12,Other,22,65107.76,TRUE,Middle Age
ORD100572,10-05-2025,CUST3820,Customer_312,48,Female,Delhi,Rice,Grocery,9,11122.7,100104.3,2025,5,Other,10,100104.3,TRUE,Middle Age
ORD100573,09-01-2025,CUST5791,Customer_113,62,Male,Patna,Shoes,Fashion,2,39005.27,78010.54,2025,1,Other,9,78010.54,TRUE,Senior
ORD100574,01-01-2026,CUST2343,Customer_39,28,Male,Patna,Mobile,Electronics,6,16346.82,98080.92,2026,1,Other,1,98080.92,TRUE,Young Adult
ORD100575,20-09-2025,CUST6654,Customer_66,38,Female,Pune,Mobile,Electronics,4,3859.9,15439.6,2025,9,Other,20,15439.6,TRUE,Adult
ORD100576,16-05-2025,CUST8820,Customer_339,39,Female,Kolkata,Laptop,Electronics,6,49058.94,294353.64,2025,5,Other,16,294353.64,TRUE,Adult
ORD100577,18-06-2025,CUST9181,Customer_122,24,Female,Patna,Mobile,Electronics,7,413.2,2892.4,2025,6,Other,18,2892.4,TRUE,Young Adult
ORD100578,09-03-2025,CUST8098,Customer_337,26,Female,Patna,Shoes,Fashion,5,21555.12,107775.6,2025,3,Other,9,107775.6,TRUE,Young Adult
ORD100579,19-04-2025,CUST6006,Customer_344,38,Male,Delhi,Chair,Furniture,5,37214.58,186072.9,2025,4,Other,19,186072.9,TRUE,Adult
ORD100580,20-06-2025,CUST1094,Customer_91,31,Female,Patna,Mobile,Electronics,10,21194.59,211945.9,2025,6,Other,20,211945.9,TRUE,Adult
ORD100581,07-07-2025,CUST1468,Customer_266,49,Female,Kolkata,Shoes,Fashion,8,44971.9,359775.2,2025,7,Other,7,359775.2,TRUE,Middle Age
ORD100582,29-12-2025,CUST6704,Customer_141,39,Male,Pune,Shoes,Fashion,4,26046.5,104186,2025,12,Other,29,104186,TRUE,Adult
ORD100583,07-03-2025,CUST1936,Customer_15,59,Male,Delhi,Mobile,Electronics,3,43567.37,130702.11,2025,3,Other,7,130702.11,TRUE,Middle Age
ORD100584,24-09-2025,CUST8399,Customer_160,40,Male,Mumbai,Book,Education,5,19565.23,97826.15,2025,9,Other,24,97826.15,TRUE,Adult
ORD100585,08-02-2025,CUST8075,Customer_401,62,Female,Patna,Shoes,Fashion,5,7642.55,38212.75,2025,2,Other,8,38212.75,TRUE,Senior
ORD100586,13-01-2025,CUST8826,Customer_206,20,Female,Gaya,Mobile,Electronics,7,22060,154420,2025,1,Other,13,154420,TRUE,Young Adult
ORD100587,04-09-2025,CUST9700,Customer_441,25,Female,Kolkata,Laptop,Electronics,2,20074.3,40148.6,2025,9,Other,4,40148.6,TRUE,Young Adult
ORD100588,20-03-2025,CUST8600,Customer_53,42,Male,Hyderabad,Book,Education,2,5442.06,10884.12,2025,3,Other,20,10884.12,TRUE,Adult
ORD100589,17-12-2025,CUST8513,Customer_125,49,Female,Pune,Mobile,Electronics,6,38159.29,228955.74,2025,12,Other,17,228955.74,TRUE,Middle Age
ORD100590,19-12-2025,CUST8595,Customer_63,44,Female,Mumbai,Laptop,Electronics,1,18229,18229,2025,12,Other,19,18229,TRUE,Adult
ORD100591,27-06-2025,CUST9489,Customer_385,61,Male,Delhi,Book,Education,2,14656.73,29313.46,2025,6,Other,27,29313.46,TRUE,Senior
ORD100592,08-08-2025,CUST7226,Customer_421,51,Male,Mumbai,Mobile,Electronics,3,1286.36,3859.08,2025,8,Other,8,3859.08,TRUE,Middle Age
ORD100593,01-01-2025,CUST1840,Customer_90,43,Female,Kolkata,Laptop,Electronics,2,11893.8,23787.6,2025,1,Other,1,23787.6,TRUE,Adult
ORD100594,06-08-2025,CUST9449,Customer_178,49,Female,Mumbai,Shoes,Fashion,2,11967.47,23934.94,2025,8,Other,6,23934.94,TRUE,Middle Age
ORD100595,17-04-2025,CUST3537,Customer_377,24,Female,Pune,Chair,Furniture,4,35411.73,141646.92,2025,4,Other,17,141646.92,TRUE,Young Adult
ORD100596,12-10-2025,CUST4041,Customer_394,30,Female,Delhi,Rice,Grocery,1,15515.24,15515.24,2025,10,Other,12,15515.24,TRUE,Young Adult
ORD100597,06-05-2025,CUST4417,Customer_234,52,Male,Mumbai,Mobile,Electronics,9,697.87,6280.83,2025,5,Other,6,6280.83,TRUE,Middle Age
ORD100598,04-08-2025,CUST4099,Customer_377,55,Female,Delhi,Shoes,Fashion,10,20857.23,208572.3,2025,8,Other,4,208572.3,TRUE,Middle Age
ORD100599,28-03-2025,CUST3107,Customer_99,21,Female,Kolkata,Mobile,Electronics,8,3595.82,28766.56,2025,3,Other,28,28766.56,TRUE,Young Adult
ORD100601,02-04-2025,CUST9111,Customer_235,61,Female,Kolkata,Shoes,Fashion,5,30620.75,153103.75,2025,4,Other,2,153103.75,TRUE,Senior
ORD100602,05-09-2025,CUST8813,Customer_83,54,Male,Bengaluru,Laptop,Electronics,9,38955.26,350597.34,2025,9,Other,5,350597.34,TRUE,Middle Age
ORD100603,04-08-2025,CUST7221,Customer_478,39,Male,Gaya,Laptop,Electronics,2,7534.68,15069.36,2025,8,Other,4,15069.36,TRUE,Adult
ORD100604,28-07-2025,CUST5899,Customer_500,31,Female,Gaya,Laptop,Electronics,4,5789.5,23158,2025,7,Other,28,23158,TRUE,Adult
ORD100605,27-07-2025,CUST4483,Customer_109,63,Female,Patna,Book,Education,8,46278.59,370228.72,2025,7,Other,27,370228.72,TRUE,Senior
ORD100606,20-02-2025,CUST4438,Customer_133,56,Female,Kolkata,Chair,Furniture,2,14770.13,29540.26,2025,2,Other,20,29540.26,TRUE,Middle Age
ORD100607,21-10-2025,CUST9123,Customer_395,27,Female,Mumbai,Rice,Grocery,6,45095.75,270574.5,2025,10,Other,21,270574.5,TRUE,Young Adult
ORD100608,22-07-2025,CUST2364,Customer_290,34,Female,Hyderabad,Rice,Grocery,8,10393.69,83149.52,2025,7,Other,22,83149.52,TRUE,Adult
ORD100609,20-02-2025,CUST6314,Customer_66,19,Female,Gaya,Rice,Grocery,4,38952.78,155811.12,2025,2,Other,20,155811.12,TRUE,Young Adult
ORD100610,23-11-2025,CUST8128,Customer_101,48,Male,Kolkata,Laptop,Electronics,5,3414.17,17070.85,2025,11,Other,23,17070.85,TRUE,Middle Age
ORD100611,21-12-2025,CUST8583,Customer_290,37,Female,Delhi,Laptop,Electronics,7,5129.02,35903.14,2025,12,Other,21,35903.14,TRUE,Adult
ORD100612,09-04-2025,CUST4488,Customer_414,39,Female,Kolkata,Mobile,Electronics,3,15846.45,47539.35,2025,4,Other,9,47539.35,TRUE,Adult
ORD100613,01-06-2025,CUST5178,Customer_170,23,Male,Mumbai,Book,Education,4,27448.01,109792.04,2025,6,Other,1,109792.04,TRUE,Young Adult
ORD100614,06-05-2025,CUST9217,Customer_448,39,Female,Delhi,Book,Education,4,5518.35,22073.4,2025,5,Other,6,22073.4,TRUE,Adult
ORD100615,26-03-2025,CUST4150,Customer_415,31,Female,Delhi,Book,Education,9,39988.02,359892.18,2025,3,Other,26,359892.18,TRUE,Adult
ORD100616,10-12-2025,CUST3751,Customer_270,36,Male,Bengaluru,Shoes,Fashion,3,23079.96,69239.88,2025,12,Other,10,69239.88,TRUE,Adult
ORD100617,04-06-2025,CUST1991,Customer_359,41,Female,Kolkata,Book,Education,9,14044.67,126402.03,2025,6,Other,4,126402.03,TRUE,Adult
ORD100618,14-07-2025,CUST8124,Customer_344,33,Female,Pune,Shoes,Fashion,2,43693.36,87386.72,2025,7,Other,14,87386.72,TRUE,Adult
ORD100619,17-12-2025,CUST6678,Customer_241,41,Male,Kolkata,Rice,Grocery,2,14181.47,28362.94,2025,12,Other,17,28362.94,TRUE,Adult
ORD100620,11-10-2025,CUST8268,Customer_18,47,Female,Kolkata,Shoes,Fashion,4,28783.13,115132.52,2025,10,Other,11,115132.52,TRUE,Middle Age
ORD100621,25-12-2025,CUST1835,Customer_81,61,Female,Gaya,Chair,Furniture,2,32432.65,64865.3,2025,12,Other,25,64865.3,TRUE,Senior
ORD100622,11-05-2025,CUST3497,Customer_408,57,Male,Patna,Laptop,Electronics,4,29976.58,119906.32,2025,5,Other,11,119906.32,TRUE,Middle Age
ORD100623,13-02-2025,CUST1452,Customer_68,62,Female,Hyderabad,Shoes,Fashion,7,38029.64,266207.48,2025,2,Other,13,266207.48,TRUE,Senior
ORD100624,21-06-2025,CUST7416,Customer_191,54,Female,Hyderabad,Rice,Grocery,10,48255.19,482551.9,2025,6,Other,21,482551.9,TRUE,Middle Age
ORD100625,19-06-2025,CUST4137,Customer_51,46,Male,Mumbai,Laptop,Electronics,9,27971.17,251740.53,2025,6,Other,19,251740.53,TRUE,Middle Age
ORD100626,26-11-2025,CUST8649,Customer_160,30,Male,Gaya,Rice,Grocery,9,46756.46,420808.14,2025,11,Other,26,420808.14,TRUE,Young Adult
ORD100627,02-02-2025,CUST7361,Customer_159,20,Male,Hyderabad,Laptop,Electronics,3,47466.18,142398.54,2025,2,Other,2,142398.54,TRUE,Young Adult
ORD100628,13-06-2025,CUST9567,Customer_218,38,Male,Delhi,Shoes,Fashion,1,33193.9,33193.9,2025,6,Other,13,33193.9,TRUE,Adult
ORD100629,16-05-2025,CUST6432,Customer_194,62,Male,Mumbai,Book,Education,1,46021.88,46021.88,2025,5,Other,16,46021.88,TRUE,Senior
ORD100630,12-03-2025,CUST4934,Customer_25,41,Male,Bengaluru,Rice,Grocery,7,45512.65,318588.55,2025,3,Other,12,318588.55,TRUE,Adult
ORD100631,04-09-2025,CUST6845,Customer_337,34,Male,Hyderabad,Chair,Furniture,9,46924.58,422321.22,2025,9,Other,4,422321.22,TRUE,Adult
ORD100632,02-03-2025,CUST1252,Customer_81,24,Male,Pune,Shoes,Fashion,3,37343.19,112029.57,2025,3,Other,2,112029.57,TRUE,Young Adult
ORD100633,20-07-2025,CUST1994,Customer_408,27,Female,Patna,Chair,Furniture,10,14175.96,141759.6,2025,7,Other,20,141759.6,TRUE,Young Adult
ORD100634,13-03-2025,CUST9488,Customer_147,37,Male,Pune,Shoes,Fashion,8,7259.89,58079.12,2025,3,Other,13,58079.12,TRUE,Adult
ORD100635,20-11-2025,CUST9421,Customer_213,58,Male,Patna,Chair,Furniture,3,257.28,771.84,2025,11,Other,20,771.84,TRUE,Middle Age
ORD100636,10-05-2025,CUST4810,Customer_416,18,Male,Kolkata,Shoes,Fashion,4,24291.82,97167.28,2025,5,Other,10,97167.28,TRUE,Teen
ORD100637,10-03-2025,CUST1106,Customer_135,31,Male,Patna,Rice,Grocery,2,25919.18,51838.36,2025,3,Other,10,51838.36,TRUE,Adult
ORD100638,27-03-2025,CUST9693,Customer_267,19,Male,Bengaluru,Rice,Grocery,4,24382.42,97529.68,2025,3,Other,27,97529.68,TRUE,Young Adult
ORD100639,08-05-2025,CUST3004,Customer_162,46,Female,Pune,Shoes,Fashion,1,3971.35,3971.35,2025,5,Other,8,3971.35,TRUE,Middle Age
ORD100640,13-10-2025,CUST6421,Customer_218,22,Male,Gaya,Laptop,Electronics,5,7739.33,38696.65,2025,10,Other,13,38696.65,TRUE,Young Adult
ORD100641,14-06-2025,CUST6345,Customer_214,32,Female,Delhi,Book,Education,1,34302.92,34302.92,2025,6,Other,14,34302.92,TRUE,Adult
ORD100642,19-10-2025,CUST9384,Customer_230,28,Female,Mumbai,Rice,Grocery,1,20626.25,20626.25,2025,10,Other,19,20626.25,TRUE,Young Adult
ORD100643,12-05-2025,CUST9081,Customer_244,63,Female,Mumbai,Laptop,Electronics,9,39545.61,355910.49,2025,5,Other,12,355910.49,TRUE,Senior
ORD100644,18-09-2025,CUST6589,Customer_367,30,Male,Kolkata,Chair,Furniture,3,23490.33,70470.99,2025,9,Other,18,70470.99,TRUE,Young Adult
ORD100645,04-05-2025,CUST7844,Customer_469,53,Male,Patna,Chair,Furniture,6,22343.44,134060.64,2025,5,Other,4,134060.64,TRUE,Middle Age
ORD100646,29-08-2025,CUST4673,Customer_386,42,Female,Delhi,Shoes,Fashion,5,16279.37,81396.85,2025,8,Other,29,81396.85,TRUE,Adult
ORD100647,14-12-2025,CUST7504,Customer_183,52,Male,Pune,Laptop,Electronics,4,26566.32,106265.28,2025,12,Other,14,106265.28,TRUE,Middle Age
ORD100648,09-09-2025,CUST6921,Customer_68,62,Female,Patna,Mobile,Electronics,6,1867.81,11206.86,2025,9,Other,9,11206.86,TRUE,Senior
ORD100649,06-01-2025,CUST4109,Customer_31,53,Female,Delhi,Rice,Grocery,10,22106.78,221067.8,2025,1,Other,6,221067.8,TRUE,Middle Age
ORD100651,31-01-2025,CUST8708,Customer_293,59,Male,Kolkata,Laptop,Electronics,7,27547.81,192834.67,2025,1,Other,31,192834.67,TRUE,Middle Age
ORD100652,03-02-2025,CUST7219,Customer_391,30,Male,Pune,Book,Education,10,22952.77,229527.7,2025,2,Other,3,229527.7,TRUE,Young Adult
ORD100653,21-04-2025,CUST5516,Customer_343,21,Male,Kolkata,Rice,Grocery,6,35222.23,211333.38,2025,4,Other,21,211333.38,TRUE,Young Adult
ORD100654,23-02-2025,CUST9562,Customer_162,39,Male,Mumbai,Chair,Furniture,8,16240.66,129925.28,2025,2,Other,23,129925.28,TRUE,Adult
ORD100655,01-08-2025,CUST8347,Customer_236,55,Male,Hyderabad,Book,Education,1,12255.87,12255.87,2025,8,Other,1,12255.87,TRUE,Middle Age
ORD100656,09-07-2025,CUST3567,Customer_407,21,Male,Bengaluru,Chair,Furniture,7,42941.88,300593.16,2025,7,Other,9,300593.16,TRUE,Young Adult
ORD100657,01-12-2025,CUST8110,Customer_268,54,Male,Delhi,Laptop,Electronics,10,10307.48,103074.8,2025,12,Other,1,103074.8,TRUE,Middle Age
ORD100658,14-10-2025,CUST4584,Customer_138,18,Female,Pune,Shoes,Fashion,10,46270.13,462701.3,2025,10,Other,14,462701.3,TRUE,Teen
ORD100659,02-09-2025,CUST4537,Customer_9,63,Male,Gaya,Book,Education,5,33524.03,167620.15,2025,9,Other,2,167620.15,TRUE,Senior
ORD100660,13-01-2025,CUST5154,Customer_453,20,Male,Mumbai,Book,Education,2,38065.84,76131.68,2025,1,Other,13,76131.68,TRUE,Young Adult
ORD100661,13-09-2025,CUST9614,Customer_235,23,Male,Bengaluru,Shoes,Fashion,10,8465.62,84656.2,2025,9,Other,13,84656.2,TRUE,Young Adult
ORD100662,17-09-2025,CUST8300,Customer_242,44,Female,Hyderabad,Rice,Grocery,9,1610.18,14491.62,2025,9,Other,17,14491.62,TRUE,Adult
ORD100663,20-07-2025,CUST1673,Customer_103,18,Male,Gaya,Rice,Grocery,5,35120.83,175604.15,2025,7,Other,20,175604.15,TRUE,Teen
ORD100664,07-07-2025,CUST7016,Customer_88,33,Female,Pune,Chair,Furniture,6,30775.74,184654.44,2025,7,Other,7,184654.44,TRUE,Adult
ORD100665,04-07-2025,CUST2672,Customer_324,27,Female,Pune,Laptop,Electronics,4,47796.53,191186.12,2025,7,Other,4,191186.12,TRUE,Young Adult
ORD100666,15-12-2025,CUST3237,Customer_341,48,Female,Kolkata,Rice,Grocery,7,38583.88,270087.16,2025,12,Other,15,270087.16,TRUE,Middle Age
ORD100667,02-03-2025,CUST2794,Customer_219,39,Male,Mumbai,Laptop,Electronics,6,38368.41,230210.46,2025,3,Other,2,230210.46,TRUE,Adult
ORD100668,22-03-2025,CUST6684,Customer_426,59,Male,Bengaluru,Chair,Furniture,4,48299.85,193199.4,2025,3,Other,22,193199.4,TRUE,Middle Age
ORD100669,12-07-2025,CUST3321,Customer_151,20,Female,Bengaluru,Laptop,Electronics,9,6889.29,62003.61,2025,7,Other,12,62003.61,TRUE,Young Adult
ORD100670,13-08-2025,CUST2904,Customer_269,60,Female,Bengaluru,Shoes,Fashion,10,41268.06,412680.6,2025,8,Other,13,412680.6,TRUE,Middle Age
ORD100671,16-07-2025,CUST1681,Customer_160,60,Male,Delhi,Shoes,Fashion,5,28065.77,140328.85,2025,7,Other,16,140328.85,TRUE,Middle Age
ORD100672,22-12-2025,CUST7863,Customer_316,37,Female,Gaya,Chair,Furniture,8,25269.25,202154,2025,12,Other,22,202154,TRUE,Adult
ORD100673,26-05-2025,CUST2218,Customer_392,57,Male,Delhi,Chair,Furniture,2,31615.64,63231.28,2025,5,Other,26,63231.28,TRUE,Middle Age
ORD100674,16-01-2025,CUST6288,Customer_407,55,Male,Kolkata,Mobile,Electronics,1,17212.99,17212.99,2025,1,Other,16,17212.99,TRUE,Middle Age
ORD100676,04-12-2025,CUST1433,Customer_391,47,Female,Mumbai,Shoes,Fashion,5,21694.12,108470.6,2025,12,Other,4,108470.6,TRUE,Middle Age
ORD100677,21-07-2025,CUST4997,Customer_371,31,Male,Hyderabad,Book,Education,8,5632.88,45063.04,2025,7,Other,21,45063.04,TRUE,Adult
ORD100678,01-08-2025,CUST2827,Customer_287,35,Male,Hyderabad,Book,Education,5,16961.15,84805.75,2025,8,Other,1,84805.75,TRUE,Adult
ORD100679,30-05-2025,CUST4559,Customer_466,57,Female,Bengaluru,Mobile,Electronics,3,17500.41,52501.23,2025,5,Other,30,52501.23,TRUE,Middle Age
ORD100680,04-07-2025,CUST7093,Customer_174,23,Male,Mumbai,Chair,Furniture,5,47401.02,237005.1,2025,7,Other,4,237005.1,TRUE,Young Adult
ORD100681,07-07-2025,CUST8364,Customer_325,21,Male,Hyderabad,Mobile,Electronics,7,12194.92,85364.44,2025,7,Other,7,85364.44,TRUE,Young Adult
ORD100682,03-06-2025,CUST3285,Customer_232,30,Female,Mumbai,Mobile,Electronics,8,49052.97,392423.76,2025,6,Other,3,392423.76,TRUE,Young Adult
ORD100683,02-04-2025,CUST1104,Customer_328,64,Female,Hyderabad,Book,Education,4,22686.59,90746.36,2025,4,Other,2,90746.36,TRUE,Senior
ORD100684,08-02-2025,CUST5155,Customer_165,57,Male,Bengaluru,Laptop,Electronics,5,34508.6,172543,2025,2,Other,8,172543,TRUE,Middle Age
ORD100685,24-10-2025,CUST6082,Customer_105,53,Female,Mumbai,Laptop,Electronics,7,21599.35,151195.45,2025,10,Other,24,151195.45,TRUE,Middle Age
ORD100686,06-12-2025,CUST3966,Customer_338,47,Female,Hyderabad,Chair,Furniture,4,30019.56,120078.24,2025,12,Other,6,120078.24,TRUE,Middle Age
ORD100687,29-04-2025,CUST2093,Customer_428,38,Female,Mumbai,Laptop,Electronics,5,24358.21,121791.05,2025,4,Other,29,121791.05,TRUE,Adult
ORD100688,31-12-2025,CUST9957,Customer_116,29,Female,Pune,Chair,Furniture,6,16639.76,99838.56,2025,12,Other,31,99838.56,TRUE,Young Adult
ORD100689,13-11-2025,CUST3682,Customer_132,56,Female,Kolkata,Book,Education,3,48276.39,144829.17,2025,11,Other,13,144829.17,TRUE,Middle Age
ORD100690,07-02-2025,CUST4110,Customer_73,59,Female,Kolkata,Rice,Grocery,9,40069.01,360621.09,2025,2,Other,7,360621.09,TRUE,Middle Age
ORD100691,03-08-2025,CUST2597,Customer_354,22,Male,Kolkata,Mobile,Electronics,9,31937.15,287434.35,2025,8,Other,3,287434.35,TRUE,Young Adult
ORD100692,22-02-2025,CUST8390,Customer_297,47,Female,Mumbai,Laptop,Electronics,7,40754.69,285282.83,2025,2,Other,22,285282.83,TRUE,Middle Age
ORD100693,09-12-2025,CUST4270,Customer_266,30,Male,Kolkata,Book,Education,10,45877.49,458774.9,2025,12,Other,9,458774.9,TRUE,Young Adult
ORD100694,22-06-2025,CUST3138,Customer_440,30,Female,Mumbai,Rice,Grocery,5,20994.21,104971.05,2025,6,Other,22,104971.05,TRUE,Young Adult
ORD100695,30-11-2025,CUST4602,Customer_150,26,Female,Pune,Chair,Furniture,2,3215.11,6430.22,2025,11,Other,30,6430.22,TRUE,Young Adult
ORD100696,11-11-2025,CUST7631,Customer_115,62,Female,Gaya,Shoes,Fashion,4,26936.34,107745.36,2025,11,Other,11,107745.36,TRUE,Senior
ORD100697,18-04-2025,CUST8708,Customer_462,51,Female,Pune,Laptop,Electronics,9,29470.1,265230.9,2025,4,Other,18,265230.9,TRUE,Middle Age
ORD100698,04-03-2025,CUST7317,Customer_70,54,Female,Delhi,Book,Education,4,31076.31,124305.24,2025,3,Other,4,124305.24,TRUE,Middle Age
ORD100699,06-07-2025,CUST2644,Customer_222,24,Male,Pune,Chair,Furniture,4,43864.35,175457.4,2025,7,Other,6,175457.4,TRUE,Young Adult
ORD100701,01-09-2025,CUST3078,Customer_230,22,Male,Gaya,Rice,Grocery,2,38128.32,76256.64,2025,9,Other,1,76256.64,TRUE,Young Adult
ORD100702,31-07-2025,CUST8962,Customer_440,30,Female,Kolkata,Book,Education,9,28222.97,254006.73,2025,7,Other,31,254006.73,TRUE,Young Adult
ORD100703,18-01-2025,CUST7236,Customer_366,38,Male,Gaya,Book,Education,6,21720.56,130323.36,2025,1,Other,18,130323.36,TRUE,Adult
ORD100704,18-08-2025,CUST4420,Customer_268,38,Male,Gaya,Chair,Furniture,3,4568.61,13705.83,2025,8,Other,18,13705.83,TRUE,Adult
ORD100705,14-05-2025,CUST6621,Customer_104,19,Female,Mumbai,Book,Education,3,11492.49,34477.47,2025,5,Other,14,34477.47,TRUE,Young Adult
ORD100706,05-05-2025,CUST8532,Customer_323,43,Female,Delhi,Chair,Furniture,3,23252.08,69756.24,2025,5,Other,5,69756.24,TRUE,Adult
ORD100707,19-11-2025,CUST6658,Customer_274,60,Male,Patna,Book,Education,9,31686.77,285180.93,2025,11,Other,19,285180.93,TRUE,Middle Age
ORD100708,06-10-2025,CUST4742,Customer_177,21,Male,Kolkata,Laptop,Electronics,2,37278.21,74556.42,2025,10,Other,6,74556.42,TRUE,Young Adult
ORD100709,23-04-2025,CUST2744,Customer_300,28,Male,Bengaluru,Laptop,Electronics,6,12680.8,76084.8,2025,4,Other,23,76084.8,TRUE,Young Adult
ORD100710,24-05-2025,CUST6870,Customer_53,51,Female,Hyderabad,Rice,Grocery,4,17704.67,70818.68,2025,5,Other,24,70818.68,TRUE,Middle Age
ORD100711,07-01-2025,CUST1175,Customer_472,20,Female,Gaya,Shoes,Fashion,5,22734.66,113673.3,2025,1,Other,7,113673.3,TRUE,Young Adult
ORD100712,04-09-2025,CUST3745,Customer_138,55,Female,Hyderabad,Laptop,Electronics,6,36277.76,217666.56,2025,9,Other,4,217666.56,TRUE,Middle Age
ORD100713,14-12-2025,CUST6638,Customer_350,45,Male,Bengaluru,Shoes,Fashion,6,27885.58,167313.48,2025,12,Other,14,167313.48,TRUE,Adult
ORD100714,05-05-2025,CUST4037,Customer_205,30,Male,Kolkata,Mobile,Electronics,10,47079.86,470798.6,2025,5,Other,5,470798.6,TRUE,Young Adult
ORD100715,06-01-2025,CUST8877,Customer_105,23,Female,Kolkata,Book,Education,2,30201.81,60403.62,2025,1,Other,6,60403.62,TRUE,Young Adult
ORD100716,08-02-2025,CUST6096,Customer_53,51,Female,Patna,Shoes,Fashion,6,32890.28,197341.68,2025,2,Other,8,197341.68,TRUE,Middle Age
ORD100717,24-02-2025,CUST7371,Customer_463,38,Female,Bengaluru,Mobile,Electronics,1,39342.98,39342.98,2025,2,Other,24,39342.98,TRUE,Adult
ORD100718,27-02-2025,CUST4532,Customer_68,52,Male,Pune,Shoes,Fashion,5,42114.22,210571.1,2025,2,Other,27,210571.1,TRUE,Middle Age
ORD100719,13-09-2025,CUST6697,Customer_137,26,Male,Pune,Chair,Furniture,5,15011.99,75059.95,2025,9,Other,13,75059.95,TRUE,Young Adult
ORD100050,06-11-2025,CUST7824,Customer_190,31,Female,Mumbai,Rice,Grocery,4,42642.59,170570.36,2025,11,Other,6,170570.36,TRUE,Adult
ORD100721,14-09-2025,CUST7615,Customer_277,37,Male,Patna,Rice,Grocery,6,27168.79,163012.74,2025,9,Other,14,163012.74,TRUE,Adult
ORD100722,13-08-2025,CUST8431,Customer_90,28,Male,Delhi,Rice,Grocery,7,31567.62,220973.34,2025,8,Other,13,220973.34,TRUE,Young Adult
ORD100723,28-11-2025,CUST8657,Customer_495,58,Female,Delhi,Laptop,Electronics,10,44401.64,444016.4,2025,11,Other,28,444016.4,TRUE,Middle Age
ORD100724,28-01-2025,CUST6762,Customer_235,47,Male,Delhi,Rice,Grocery,2,5467.01,10934.02,2025,1,Other,28,10934.02,TRUE,Middle Age
ORD100725,10-10-2025,CUST5477,Customer_249,37,Female,Kolkata,Laptop,Electronics,7,40635.52,284448.64,2025,10,Other,10,284448.64,TRUE,Adult
ORD100726,06-07-2025,CUST8338,Customer_90,38,Male,Pune,Shoes,Fashion,7,26916.23,188413.61,2025,7,Other,6,188413.61,TRUE,Adult
ORD100727,29-09-2025,CUST3850,Customer_163,27,Female,Kolkata,Chair,Furniture,5,24409.5,122047.5,2025,9,Other,29,122047.5,TRUE,Young Adult
ORD100728,11-10-2025,CUST8017,Customer_371,37,Male,Patna,Chair,Furniture,10,19600.31,196003.1,2025,10,Other,11,196003.1,TRUE,Adult
ORD100729,30-07-2025,CUST5295,Customer_223,58,Female,Kolkata,Book,Education,3,40119.65,120358.95,2025,7,Other,30,120358.95,TRUE,Middle Age
ORD100730,05-01-2025,CUST4553,Customer_489,44,Female,Kolkata,Chair,Furniture,5,33187.56,165937.8,2025,1,Other,5,165937.8,TRUE,Adult
ORD100731,30-06-2025,CUST1269,Customer_423,22,Female,Gaya,Book,Education,3,26807.04,80421.12,2025,6,Other,30,80421.12,TRUE,Young Adult
ORD100732,09-01-2025,CUST6578,Customer_194,64,Female,Hyderabad,Shoes,Fashion,1,19202.88,19202.88,2025,1,Other,9,19202.88,TRUE,Senior
ORD100733,13-02-2025,CUST2832,Customer_204,22,Male,Pune,Chair,Furniture,6,27085.46,162512.76,2025,2,Other,13,162512.76,TRUE,Young Adult
ORD100734,07-03-2025,CUST8314,Customer_440,28,Female,Gaya,Chair,Furniture,3,24462.54,73387.62,2025,3,Other,7,73387.62,TRUE,Young Adult
ORD100735,27-01-2025,CUST7026,Customer_317,28,Male,Bengaluru,Rice,Grocery,6,25359.39,152156.34,2025,1,Other,27,152156.34,TRUE,Young Adult
ORD100736,23-09-2025,CUST2793,Customer_462,32,Female,Gaya,Mobile,Electronics,6,19210.66,115263.96,2025,9,Other,23,115263.96,TRUE,Adult
ORD100737,27-02-2025,CUST7522,Customer_322,53,Female,Kolkata,Rice,Grocery,5,414.13,2070.65,2025,2,Other,27,2070.65,TRUE,Middle Age
ORD100738,29-12-2025,CUST1987,Customer_35,24,Male,Kolkata,Laptop,Electronics,6,9761.46,58568.76,2025,12,Other,29,58568.76,TRUE,Young Adult
ORD100739,17-12-2025,CUST9414,Customer_359,61,Female,Hyderabad,Rice,Grocery,4,19284.6,77138.4,2025,12,Other,17,77138.4,TRUE,Senior
ORD100740,13-07-2025,CUST2589,Customer_426,49,Male,Delhi,Laptop,Electronics,4,21098.23,84392.92,2025,7,Other,13,84392.92,TRUE,Middle Age
ORD100741,30-09-2025,CUST8851,Customer_118,64,Male,Kolkata,Chair,Furniture,2,1876.89,3753.78,2025,9,Other,30,3753.78,TRUE,Senior
ORD100742,31-10-2025,CUST4103,Customer_454,33,Male,Pune,Rice,Grocery,7,9084.03,63588.21,2025,10,Other,31,63588.21,TRUE,Adult
ORD100743,09-03-2025,CUST2138,Customer_303,42,Female,Gaya,Rice,Grocery,3,45959.58,137878.74,2025,3,Other,9,137878.74,TRUE,Adult
ORD100744,11-09-2025,CUST9645,Customer_238,29,Male,Pune,Chair,Furniture,8,8692.39,69539.12,2025,9,Other,11,69539.12,TRUE,Young Adult
ORD100745,27-11-2025,CUST5624,Customer_25,22,Male,Patna,Laptop,Electronics,7,45703.28,319922.96,2025,11,Other,27,319922.96,TRUE,Young Adult
ORD100746,13-11-2025,CUST9518,Customer_192,22,Male,Pune,Mobile,Electronics,4,30973.53,123894.12,2025,11,Other,13,123894.12,TRUE,Young Adult
ORD100747,04-01-2025,CUST9339,Customer_127,55,Male,Patna,Chair,Furniture,5,49147.41,245737.05,2025,1,Other,4,245737.05,TRUE,Middle Age
ORD100748,22-04-2025,CUST9465,Customer_274,57,Male,Gaya,Laptop,Electronics,10,17533.55,175335.5,2025,4,Other,22,175335.5,TRUE,Middle Age
ORD100749,23-04-2025,CUST6348,Customer_412,22,Female,Kolkata,Laptop,Electronics,5,18457.22,92286.1,2025,4,Other,23,92286.1,TRUE,Young Adult
ORD100751,11-01-2025,CUST8058,Customer_273,60,Female,Pune,Book,Education,6,24375.93,146255.58,2025,1,Other,11,146255.58,TRUE,Middle Age
ORD100752,12-03-2025,CUST2921,Customer_420,27,Male,Patna,Shoes,Fashion,4,34969.02,139876.08,2025,3,Other,12,139876.08,TRUE,Young Adult
ORD100753,19-09-2025,CUST9650,Customer_361,33,Female,Hyderabad,Book,Education,1,17299.04,17299.04,2025,9,Other,19,17299.04,TRUE,Adult
ORD100754,24-01-2025,CUST2604,Customer_356,40,Male,Kolkata,Mobile,Electronics,5,10274.45,51372.25,2025,1,Other,24,51372.25,TRUE,Adult
ORD100755,19-11-2025,CUST9651,Customer_461,60,Female,Delhi,Book,Education,10,24270.17,242701.7,2025,11,Other,19,242701.7,TRUE,Middle Age
ORD100756,20-12-2025,CUST1637,Customer_70,59,Male,Patna,Rice,Grocery,10,2066.93,20669.3,2025,12,Other,20,20669.3,TRUE,Middle Age
ORD100757,08-05-2025,CUST9515,Customer_52,29,Female,Kolkata,Chair,Furniture,10,13304.47,133044.7,2025,5,Other,8,133044.7,TRUE,Young Adult
ORD100758,02-11-2025,CUST7173,Customer_44,21,Male,Hyderabad,Mobile,Electronics,5,9442.5,47212.5,2025,11,Other,2,47212.5,TRUE,Young Adult
ORD100759,04-06-2025,CUST6279,Customer_97,21,Female,Kolkata,Mobile,Electronics,10,25698.62,256986.2,2025,6,Other,4,256986.2,TRUE,Young Adult
ORD100760,27-12-2025,CUST2867,Customer_221,61,Male,Hyderabad,Shoes,Fashion,8,32219.95,257759.6,2025,12,Other,27,257759.6,TRUE,Senior
ORD100761,02-10-2025,CUST3851,Customer_487,59,Male,Delhi,Laptop,Electronics,2,14931.2,29862.4,2025,10,Other,2,29862.4,TRUE,Middle Age
ORD100762,07-12-2025,CUST8729,Customer_72,48,Male,Kolkata,Chair,Furniture,4,40783.14,163132.56,2025,12,Other,7,163132.56,TRUE,Middle Age
ORD100763,01-05-2025,CUST3580,Customer_60,56,Female,Gaya,Laptop,Electronics,5,17824.96,89124.8,2025,5,Other,1,89124.8,TRUE,Middle Age
ORD100764,13-10-2025,CUST4706,Customer_200,32,Male,Bengaluru,Laptop,Electronics,10,49217.41,492174.1,2025,10,Other,13,492174.1,TRUE,Adult
ORD100765,05-07-2025,CUST8834,Customer_413,61,Female,Mumbai,Rice,Grocery,2,36631.23,73262.46,2025,7,Other,5,73262.46,TRUE,Senior
ORD100766,24-06-2025,CUST6815,Customer_295,43,Female,Patna,Chair,Furniture,3,5550.25,16650.75,2025,6,Other,24,16650.75,TRUE,Adult
ORD100767,31-03-2025,CUST1790,Customer_12,43,Male,Hyderabad,Mobile,Electronics,1,12225.22,12225.22,2025,3,Other,31,12225.22,TRUE,Adult
ORD100768,09-05-2025,CUST9952,Customer_453,30,Female,Bengaluru,Mobile,Electronics,10,19819.95,198199.5,2025,5,Other,9,198199.5,TRUE,Young Adult
ORD100769,10-10-2025,CUST7600,Customer_208,23,Male,Pune,Laptop,Electronics,1,42736.43,42736.43,2025,10,Other,10,42736.43,TRUE,Young Adult
ORD100770,08-01-2025,CUST9628,Customer_422,27,Male,Bengaluru,Chair,Furniture,2,36426.05,72852.1,2025,1,Other,8,72852.1,TRUE,Young Adult
ORD100771,31-10-2025,CUST5415,Customer_460,29,Female,Delhi,Shoes,Fashion,1,12121.61,12121.61,2025,10,Other,31,12121.61,TRUE,Young Adult
ORD100772,16-10-2025,CUST6752,Customer_52,65,Male,Kolkata,Rice,Grocery,5,11824.36,59121.8,2025,10,Other,16,59121.8,TRUE,Senior
ORD100773,24-04-2025,CUST7110,Customer_176,60,Male,Hyderabad,Mobile,Electronics,4,988.45,3953.8,2025,4,Other,24,3953.8,TRUE,Middle Age
ORD100774,06-10-2025,CUST5240,Customer_379,43,Male,Patna,Mobile,Electronics,7,13263.83,92846.81,2025,10,Other,6,92846.81,TRUE,Adult
ORD100775,10-01-2025,CUST5505,Customer_189,38,Female,Bengaluru,Book,Education,6,35023.55,210141.3,2025,1,Other,10,210141.3,TRUE,Adult
ORD100776,09-07-2025,CUST6116,Customer_343,32,Female,Gaya,Chair,Furniture,10,8630.9,86309,2025,7,Other,9,86309,TRUE,Adult
ORD100777,16-02-2025,CUST3566,Customer_430,45,Female,Patna,Mobile,Electronics,6,29757.58,178545.48,2025,2,Other,16,178545.48,TRUE,Adult
ORD100778,04-12-2025,CUST3763,Customer_257,57,Male,Hyderabad,Chair,Furniture,2,45538.2,91076.4,2025,12,Other,4,91076.4,TRUE,Middle Age
ORD100779,18-04-2025,CUST3948,Customer_465,38,Male,Hyderabad,Chair,Furniture,6,19454.75,116728.5,2025,4,Other,18,116728.5,TRUE,Adult
ORD100780,29-07-2025,CUST2369,Customer_259,56,Male,Mumbai,Chair,Furniture,3,21435.84,64307.52,2025,7,Other,29,64307.52,TRUE,Middle Age
ORD100781,21-02-2025,CUST3542,Customer_156,51,Male,Patna,Laptop,Electronics,1,47618.43,47618.43,2025,2,Other,21,47618.43,TRUE,Middle Age
ORD100782,23-12-2025,CUST7724,Customer_365,38,Male,Kolkata,Book,Education,4,25110.56,100442.24,2025,12,Other,23,100442.24,TRUE,Adult
ORD100783,20-09-2025,CUST5419,Customer_263,65,Female,Patna,Book,Education,9,797.71,7179.39,2025,9,Other,20,7179.39,TRUE,Senior
ORD100784,11-12-2025,CUST6571,Customer_156,43,Female,Pune,Chair,Furniture,3,25235.41,75706.23,2025,12,Other,11,75706.23,TRUE,Adult
ORD100785,18-01-2025,CUST7650,Customer_453,50,Male,Kolkata,Book,Education,8,43467,347736,2025,1,Other,18,347736,TRUE,Middle Age
ORD100786,14-10-2025,CUST7445,Customer_233,60,Female,Bengaluru,Shoes,Fashion,9,35691.39,321222.51,2025,10,Other,14,321222.51,TRUE,Middle Age
ORD100787,22-06-2025,CUST6565,Customer_431,50,Female,Gaya,Book,Education,6,28107.77,168646.62,2025,6,Other,22,168646.62,TRUE,Middle Age
ORD100788,04-05-2025,CUST2969,Customer_287,59,Male,Kolkata,Rice,Grocery,6,39662.1,237972.6,2025,5,Other,4,237972.6,TRUE,Middle Age
ORD100789,13-07-2025,CUST3298,Customer_155,63,Female,Kolkata,Rice,Grocery,5,14533.4,72667,2025,7,Other,13,72667,TRUE,Senior
ORD100790,28-12-2025,CUST3260,Customer_237,55,Male,Mumbai,Book,Education,9,12322.26,110900.34,2025,12,Other,28,110900.34,TRUE,Middle Age
ORD100791,03-09-2025,CUST9962,Customer_161,45,Male,Mumbai,Chair,Furniture,10,18178.32,181783.2,2025,9,Other,3,181783.2,TRUE,Adult
ORD100792,21-05-2025,CUST6814,Customer_70,62,Male,Bengaluru,Shoes,Fashion,9,6282.93,56546.37,2025,5,Other,21,56546.37,TRUE,Senior
ORD100793,11-12-2025,CUST2859,Customer_395,21,Female,Kolkata,Rice,Grocery,4,40391.3,161565.2,2025,12,Other,11,161565.2,TRUE,Young Adult
ORD100794,24-05-2025,CUST7228,Customer_200,21,Female,Bengaluru,Shoes,Fashion,3,39157.52,117472.56,2025,5,Other,24,117472.56,TRUE,Young Adult
ORD100795,30-01-2025,CUST2551,Customer_343,19,Male,Patna,Book,Education,5,12334.78,61673.9,2025,1,Other,30,61673.9,TRUE,Young Adult
ORD100796,01-01-2026,CUST6845,Customer_385,57,Female,Mumbai,Shoes,Fashion,9,38573.17,347158.53,2026,1,Other,1,347158.53,TRUE,Middle Age
ORD100797,22-07-2025,CUST5806,Customer_167,48,Male,Bengaluru,Book,Education,6,18842.34,113054.04,2025,7,Other,22,113054.04,TRUE,Middle Age
ORD100798,01-07-2025,CUST5718,Customer_251,62,Female,Kolkata,Shoes,Fashion,4,20118.35,80473.4,2025,7,Other,1,80473.4,TRUE,Senior
ORD100799,07-11-2025,CUST8242,Customer_492,51,Male,Mumbai,Rice,Grocery,6,39243.45,235460.7,2025,11,Other,7,235460.7,TRUE,Middle Age
ORD100801,10-05-2025,CUST3297,Customer_465,47,Male,Gaya,Mobile,Electronics,1,40350.67,40350.67,2025,5,Other,10,40350.67,TRUE,Middle Age
ORD100802,14-11-2025,CUST4901,Customer_327,29,Female,Mumbai,Rice,Grocery,1,47545.23,47545.23,2025,11,Other,14,47545.23,TRUE,Young Adult
ORD100803,11-10-2025,CUST3189,Customer_384,30,Female,Kolkata,Book,Education,4,17304.91,69219.64,2025,10,Other,11,69219.64,TRUE,Young Adult
ORD100804,11-12-2025,CUST3690,Customer_413,32,Female,Delhi,Book,Education,6,17079.99,102479.94,2025,12,Other,11,102479.94,TRUE,Adult
ORD100805,22-05-2025,CUST7876,Customer_34,57,Male,Bengaluru,Shoes,Fashion,9,44772.96,402956.64,2025,5,Other,22,402956.64,TRUE,Middle Age
ORD100806,02-03-2025,CUST9089,Customer_303,50,Female,Gaya,Shoes,Fashion,10,32483.32,324833.2,2025,3,Other,2,324833.2,TRUE,Middle Age
ORD100807,05-10-2025,CUST6442,Customer_10,62,Male,Kolkata,Chair,Furniture,9,47699.69,429297.21,2025,10,Other,5,429297.21,TRUE,Senior
ORD100808,20-06-2025,CUST9514,Customer_180,28,Female,Patna,Chair,Furniture,2,23127.63,46255.26,2025,6,Other,20,46255.26,TRUE,Young Adult
ORD100809,02-06-2025,CUST7903,Customer_163,60,Female,Bengaluru,Shoes,Fashion,6,16882.56,101295.36,2025,6,Other,2,101295.36,TRUE,Middle Age
ORD100810,04-06-2025,CUST1658,Customer_324,52,Male,Hyderabad,Rice,Grocery,6,32296.32,193777.92,2025,6,Other,4,193777.92,TRUE,Middle Age
ORD100811,04-01-2025,CUST6719,Customer_394,30,Female,Patna,Book,Education,3,15090.15,45270.45,2025,1,Other,4,45270.45,TRUE,Young Adult
ORD100812,31-01-2025,CUST4941,Customer_457,50,Female,Mumbai,Chair,Furniture,2,30197.53,60395.06,2025,1,Other,31,60395.06,TRUE,Middle Age
ORD100813,14-05-2025,CUST5851,Customer_418,50,Male,Patna,Mobile,Electronics,2,41544.45,83088.9,2025,5,Other,14,83088.9,TRUE,Middle Age
ORD100814,17-09-2025,CUST1149,Customer_14,40,Female,Hyderabad,Laptop,Electronics,8,42593.69,340749.52,2025,9,Other,17,340749.52,TRUE,Adult
ORD100815,08-09-2025,CUST6336,Customer_63,52,Male,Delhi,Mobile,Electronics,1,26771.99,26771.99,2025,9,Other,8,26771.99,TRUE,Middle Age
ORD100816,04-06-2025,CUST1960,Customer_367,44,Male,Kolkata,Rice,Grocery,9,31690.41,285213.69,2025,6,Other,4,285213.69,TRUE,Adult
ORD100817,29-03-2025,CUST6933,Customer_224,23,Female,Patna,Rice,Grocery,6,20913.85,125483.1,2025,3,Other,29,125483.1,TRUE,Young Adult
ORD100818,05-07-2025,CUST3006,Customer_343,49,Male,Hyderabad,Chair,Furniture,7,36034.1,252238.7,2025,7,Other,5,252238.7,TRUE,Middle Age
ORD100819,09-12-2025,CUST8754,Customer_77,28,Male,Kolkata,Mobile,Electronics,8,21646.64,173173.12,2025,12,Other,9,173173.12,TRUE,Young Adult
ORD100820,09-01-2025,CUST9458,Customer_391,60,Male,Bengaluru,Laptop,Electronics,1,21553.66,21553.66,2025,1,Other,9,21553.66,TRUE,Middle Age
ORD100821,16-06-2025,CUST4979,Customer_273,45,Male,Mumbai,Book,Education,3,17152.2,51456.6,2025,6,Other,16,51456.6,TRUE,Adult
ORD100822,15-09-2025,CUST6340,Customer_125,37,Female,Gaya,Rice,Grocery,1,21368.29,21368.29,2025,9,Other,15,21368.29,TRUE,Adult
ORD100823,21-07-2025,CUST7814,Customer_134,20,Female,Bengaluru,Shoes,Fashion,7,47413.32,331893.24,2025,7,Other,21,331893.24,TRUE,Young Adult
ORD100824,30-03-2025,CUST8199,Customer_39,64,Female,Gaya,Chair,Furniture,4,2716.24,10864.96,2025,3,Other,30,10864.96,TRUE,Senior
ORD100826,05-04-2025,CUST7065,Customer_335,24,Female,Bengaluru,Shoes,Fashion,5,48228.96,241144.8,2025,4,Other,5,241144.8,TRUE,Young Adult
ORD100827,19-06-2025,CUST6162,Customer_165,42,Male,Mumbai,Laptop,Electronics,1,31849.44,31849.44,2025,6,Other,19,31849.44,TRUE,Adult
ORD100828,03-11-2025,CUST6944,Customer_460,33,Male,Gaya,Book,Education,4,8685.69,34742.76,2025,11,Other,3,34742.76,TRUE,Adult
ORD100829,27-02-2025,CUST8319,Customer_362,44,Male,Delhi,Rice,Grocery,2,49685.64,99371.28,2025,2,Other,27,99371.28,TRUE,Adult
ORD100830,10-04-2025,CUST6540,Customer_230,19,Male,Kolkata,Shoes,Fashion,8,10921.12,87368.96,2025,4,Other,10,87368.96,TRUE,Young Adult
ORD100831,09-01-2025,CUST8453,Customer_68,53,Female,Patna,Laptop,Electronics,3,33896.35,101689.05,2025,1,Other,9,101689.05,TRUE,Middle Age
ORD100832,16-08-2025,CUST5605,Customer_23,30,Female,Kolkata,Shoes,Fashion,4,31512.79,126051.16,2025,8,Other,16,126051.16,TRUE,Young Adult
ORD100833,05-11-2025,CUST8704,Customer_440,20,Female,Kolkata,Mobile,Electronics,6,17944.07,107664.42,2025,11,Other,5,107664.42,TRUE,Young Adult
ORD100834,03-12-2025,CUST3264,Customer_227,51,Female,Gaya,Mobile,Electronics,3,14145.7,42437.1,2025,12,Other,3,42437.1,TRUE,Middle Age
ORD100835,21-03-2025,CUST9364,Customer_352,62,Female,Gaya,Book,Education,3,33186.38,99559.14,2025,3,Other,21,99559.14,TRUE,Senior
ORD100836,10-06-2025,CUST3366,Customer_47,23,Male,Patna,Mobile,Electronics,5,24537.11,122685.55,2025,6,Other,10,122685.55,TRUE,Young Adult
ORD100837,05-09-2025,CUST6067,Customer_499,26,Male,Kolkata,Mobile,Electronics,4,7989.47,31957.88,2025,9,Other,5,31957.88,TRUE,Young Adult
ORD100838,27-11-2025,CUST5389,Customer_362,44,Female,Mumbai,Shoes,Fashion,6,9784.56,58707.36,2025,11,Other,27,58707.36,TRUE,Adult
ORD100839,12-05-2025,CUST8766,Customer_140,47,Female,Hyderabad,Laptop,Electronics,5,47021.1,235105.5,2025,5,Other,12,235105.5,TRUE,Middle Age
ORD100050,03-08-2025,CUST5585,Customer_289,35,Male,Kolkata,Chair,Furniture,9,28747.47,258727.23,2025,8,Other,3,258727.23,TRUE,Adult
ORD100841,16-04-2025,CUST7544,Customer_225,26,Male,Mumbai,Book,Education,10,35093.39,350933.9,2025,4,Other,16,350933.9,TRUE,Young Adult
ORD100842,06-11-2025,CUST8217,Customer_83,43,Female,Delhi,Book,Education,3,22843.06,68529.18,2025,11,Other,6,68529.18,TRUE,Adult
ORD100843,05-06-2025,CUST6780,Customer_262,42,Female,Hyderabad,Book,Education,7,38502.79,269519.53,2025,6,Other,5,269519.53,TRUE,Adult
ORD100844,22-08-2025,CUST9804,Customer_284,32,Male,Patna,Mobile,Electronics,5,45283.42,226417.1,2025,8,Other,22,226417.1,TRUE,Adult
ORD100845,07-11-2025,CUST5876,Customer_389,42,Female,Patna,Mobile,Electronics,6,37149.97,222899.82,2025,11,Other,7,222899.82,TRUE,Adult
ORD100846,29-09-2025,CUST1026,Customer_445,65,Female,Kolkata,Book,Education,7,23566.47,164965.29,2025,9,Other,29,164965.29,TRUE,Senior
ORD100847,08-11-2025,CUST5432,Customer_163,57,Male,Patna,Shoes,Fashion,10,1557.12,15571.2,2025,11,Other,8,15571.2,TRUE,Middle Age
ORD100848,28-03-2025,CUST8575,Customer_481,21,Male,Patna,Book,Education,1,38929.37,38929.37,2025,3,Other,28,38929.37,TRUE,Young Adult
ORD100849,17-03-2025,CUST5455,Customer_287,26,Male,Bengaluru,Chair,Furniture,2,43357.83,86715.66,2025,3,Other,17,86715.66,TRUE,Young Adult
ORD100851,29-06-2025,CUST4431,Customer_177,19,Male,Gaya,Chair,Furniture,10,3051.95,30519.5,2025,6,Other,29,30519.5,TRUE,Young Adult
ORD100852,01-06-2025,CUST3744,Customer_2,20,Female,Mumbai,Shoes,Fashion,3,31063.57,93190.71,2025,6,Other,1,93190.71,TRUE,Young Adult
ORD100853,17-03-2025,CUST1962,Customer_116,23,Male,Delhi,Rice,Grocery,10,5580.23,55802.3,2025,3,Other,17,55802.3,TRUE,Young Adult
ORD100854,25-06-2025,CUST7787,Customer_139,40,Male,Pune,Book,Education,8,35859.94,286879.52,2025,6,Other,25,286879.52,TRUE,Adult
ORD100855,19-05-2025,CUST3679,Customer_242,48,Male,Patna,Shoes,Fashion,5,47893,239465,2025,5,Other,19,239465,TRUE,Middle Age
ORD100856,26-05-2025,CUST8455,Customer_468,37,Female,Bengaluru,Shoes,Fashion,2,47996.02,95992.04,2025,5,Other,26,95992.04,TRUE,Adult
ORD100857,18-09-2025,CUST4973,Customer_443,24,Male,Kolkata,Shoes,Fashion,1,42500.65,42500.65,2025,9,Other,18,42500.65,TRUE,Young Adult
ORD100858,20-12-2025,CUST7578,Customer_245,38,Female,Delhi,Rice,Grocery,8,7543.31,60346.48,2025,12,Other,20,60346.48,TRUE,Adult
ORD100859,28-07-2025,CUST9287,Customer_281,54,Female,Bengaluru,Book,Education,4,7779.34,31117.36,2025,7,Other,28,31117.36,TRUE,Middle Age
ORD100860,10-07-2025,CUST3430,Customer_184,51,Female,Kolkata,Mobile,Electronics,6,35959.07,215754.42,2025,7,Other,10,215754.42,TRUE,Middle Age
ORD100861,15-10-2025,CUST9817,Customer_388,45,Male,Patna,Mobile,Electronics,7,9471.49,66300.43,2025,10,Other,15,66300.43,TRUE,Adult
ORD100862,28-09-2025,CUST7072,Customer_4,62,Female,Gaya,Shoes,Fashion,8,26327.39,210619.12,2025,9,Other,28,210619.12,TRUE,Senior
ORD100863,10-05-2025,CUST9510,Customer_15,63,Female,Delhi,Chair,Furniture,9,48313.36,434820.24,2025,5,Other,10,434820.24,TRUE,Senior
ORD100864,20-11-2025,CUST3327,Customer_94,19,Female,Pune,Laptop,Electronics,2,45217.92,90435.84,2025,11,Other,20,90435.84,TRUE,Young Adult
ORD100865,20-07-2025,CUST2202,Customer_26,26,Female,Patna,Chair,Furniture,2,40130.21,80260.42,2025,7,Other,20,80260.42,TRUE,Young Adult
ORD100866,23-12-2025,CUST3767,Customer_470,49,Female,Hyderabad,Chair,Furniture,7,283.1,1981.7,2025,12,Other,23,1981.7,TRUE,Middle Age
ORD100867,09-01-2025,CUST4947,Customer_352,58,Male,Bengaluru,Chair,Furniture,5,7521.13,37605.65,2025,1,Other,9,37605.65,TRUE,Middle Age
ORD100868,14-06-2025,CUST4888,Customer_13,38,Male,Pune,Shoes,Fashion,5,8055.03,40275.15,2025,6,Other,14,40275.15,TRUE,Adult
ORD100869,21-12-2025,CUST4996,Customer_184,64,Male,Delhi,Book,Education,4,28263.33,113053.32,2025,12,Other,21,113053.32,TRUE,Senior
ORD100870,12-09-2025,CUST4112,Customer_71,33,Female,Kolkata,Shoes,Fashion,4,12941.53,51766.12,2025,9,Other,12,51766.12,TRUE,Adult
ORD100871,16-03-2025,CUST1442,Customer_371,22,Female,Pune,Book,Education,1,27918.98,27918.98,2025,3,Other,16,27918.98,TRUE,Young Adult
ORD100872,23-12-2025,CUST2757,Customer_366,55,Male,Patna,Mobile,Electronics,3,21349.35,64048.05,2025,12,Other,23,64048.05,TRUE,Middle Age
ORD100873,18-11-2025,CUST5319,Customer_129,35,Female,Mumbai,Mobile,Electronics,5,27648.52,138242.6,2025,11,Other,18,138242.6,TRUE,Adult
ORD100874,12-12-2025,CUST4391,Customer_214,36,Male,Hyderabad,Mobile,Electronics,5,39484.31,197421.55,2025,12,Other,12,197421.55,TRUE,Adult
ORD100875,12-10-2025,CUST7317,Customer_304,25,Male,Delhi,Chair,Furniture,6,2417.66,14505.96,2025,10,Other,12,14505.96,TRUE,Young Adult
ORD100876,30-11-2025,CUST7473,Customer_372,36,Female,Mumbai,Rice,Grocery,5,40104.71,200523.55,2025,11,Other,30,200523.55,TRUE,Adult
ORD100877,19-12-2025,CUST9104,Customer_443,37,Male,Bengaluru,Book,Education,4,22929.61,91718.44,2025,12,Other,19,91718.44,TRUE,Adult
ORD100878,25-11-2025,CUST7091,Customer_1,48,Female,Mumbai,Rice,Grocery,10,23757.31,237573.1,2025,11,Other,25,237573.1,TRUE,Middle Age
ORD100879,18-05-2025,CUST1258,Customer_443,40,Male,Hyderabad,Laptop,Electronics,7,6769.87,47389.09,2025,5,Other,18,47389.09,TRUE,Adult
ORD100880,08-10-2025,CUST1691,Customer_177,55,Male,Mumbai,Mobile,Electronics,2,7104.93,14209.86,2025,10,Other,8,14209.86,TRUE,Middle Age
ORD100881,27-06-2025,CUST9404,Customer_463,19,Female,Gaya,Book,Education,2,35430.53,70861.06,2025,6,Other,27,70861.06,TRUE,Young Adult
ORD100882,22-08-2025,CUST6532,Customer_187,43,Female,Hyderabad,Rice,Grocery,8,44811.59,358492.72,2025,8,Other,22,358492.72,TRUE,Adult
ORD100883,03-06-2025,CUST1779,Customer_378,65,Female,Delhi,Shoes,Fashion,10,16661.37,166613.7,2025,6,Other,3,166613.7,TRUE,Senior
ORD100884,07-03-2025,CUST4651,Customer_359,54,Male,Kolkata,Mobile,Electronics,7,14207.04,99449.28,2025,3,Other,7,99449.28,TRUE,Middle Age
ORD100885,07-05-2025,CUST9027,Customer_153,43,Female,Mumbai,Shoes,Fashion,8,3220.99,25767.92,2025,5,Other,7,25767.92,TRUE,Adult
ORD100886,12-08-2025,CUST1396,Customer_479,34,Male,Pune,Chair,Furniture,1,21572.48,21572.48,2025,8,Other,12,21572.48,TRUE,Adult
ORD100887,15-01-2025,CUST9132,Customer_210,21,Female,Pune,Rice,Grocery,8,38808.88,310471.04,2025,1,Other,15,310471.04,TRUE,Young Adult
ORD100888,26-11-2025,CUST4926,Customer_102,45,Male,Delhi,Book,Education,2,6525.25,13050.5,2025,11,Other,26,13050.5,TRUE,Adult
ORD100889,25-03-2025,CUST3987,Customer_126,55,Female,Pune,Rice,Grocery,9,36721.83,330496.47,2025,3,Other,25,330496.47,TRUE,Middle Age
ORD100890,30-08-2025,CUST5136,Customer_257,30,Male,Mumbai,Rice,Grocery,1,16506.48,16506.48,2025,8,Other,30,16506.48,TRUE,Young Adult
ORD100891,11-02-2025,CUST8849,Customer_380,19,Female,Patna,Book,Education,4,45273.26,181093.04,2025,2,Other,11,181093.04,TRUE,Young Adult
ORD100892,26-04-2025,CUST3603,Customer_448,56,Female,Delhi,Rice,Grocery,1,15061.67,15061.67,2025,4,Other,26,15061.67,TRUE,Middle Age
ORD100893,18-05-2025,CUST4073,Customer_353,25,Female,Pune,Shoes,Fashion,3,30814.91,92444.73,2025,5,Other,18,92444.73,TRUE,Young Adult
ORD100894,01-12-2025,CUST7068,Customer_106,24,Male,Hyderabad,Book,Education,8,36507.56,292060.48,2025,12,Other,1,292060.48,TRUE,Young Adult
ORD100895,20-10-2025,CUST5762,Customer_404,20,Female,Mumbai,Book,Education,1,31247.14,31247.14,2025,10,Other,20,31247.14,TRUE,Young Adult
ORD100896,05-11-2025,CUST1611,Customer_451,49,Male,Patna,Rice,Grocery,3,15350,46050,2025,11,Other,5,46050,TRUE,Middle Age
ORD100897,07-06-2025,CUST1806,Customer_354,58,Male,Patna,Chair,Furniture,9,7148.05,64332.45,2025,6,Other,7,64332.45,TRUE,Middle Age
ORD100898,02-11-2025,CUST4730,Customer_484,20,Female,Patna,Laptop,Electronics,8,25411.08,203288.64,2025,11,Other,2,203288.64,TRUE,Young Adult
ORD100899,15-12-2025,CUST7164,Customer_251,64,Male,Pune,Shoes,Fashion,10,28254.51,282545.1,2025,12,Other,15,282545.1,TRUE,Senior
ORD100901,21-10-2025,CUST6152,Customer_438,39,Female,Bengaluru,Mobile,Electronics,3,39619.15,118857.45,2025,10,Other,21,118857.45,TRUE,Adult
ORD100902,19-11-2025,CUST6881,Customer_158,41,Female,Delhi,Laptop,Electronics,7,42494.73,297463.11,2025,11,Other,19,297463.11,TRUE,Adult
ORD100903,12-11-2025,CUST3438,Customer_98,56,Male,Patna,Shoes,Fashion,6,24739.29,148435.74,2025,11,Other,12,148435.74,TRUE,Middle Age
ORD100904,25-03-2025,CUST1890,Customer_277,21,Male,Gaya,Chair,Furniture,3,43166.95,129500.85,2025,3,Other,25,129500.85,TRUE,Young Adult
ORD100905,11-01-2025,CUST9994,Customer_13,49,Male,Delhi,Chair,Furniture,6,43613.07,261678.42,2025,1,Other,11,261678.42,TRUE,Middle Age
ORD100906,01-12-2025,CUST1906,Customer_76,36,Male,Hyderabad,Chair,Furniture,2,20357.35,40714.7,2025,12,Other,1,40714.7,TRUE,Adult
ORD100907,19-01-2025,CUST4977,Customer_359,33,Male,Mumbai,Chair,Furniture,5,40193.89,200969.45,2025,1,Other,19,200969.45,TRUE,Adult
ORD100908,14-02-2025,CUST6241,Customer_242,55,Male,Hyderabad,Chair,Furniture,2,9063.83,18127.66,2025,2,Other,14,18127.66,TRUE,Middle Age
ORD100909,13-08-2025,CUST1759,Customer_71,64,Female,Delhi,Laptop,Electronics,5,21830.06,109150.3,2025,8,Other,13,109150.3,TRUE,Senior
ORD100910,28-07-2025,CUST4515,Customer_281,48,Female,Hyderabad,Rice,Grocery,2,39424.04,78848.08,2025,7,Other,28,78848.08,TRUE,Middle Age
ORD100911,06-06-2025,CUST6309,Customer_345,55,Female,Mumbai,Rice,Grocery,2,30743.1,61486.2,2025,6,Other,6,61486.2,TRUE,Middle Age
ORD100912,10-02-2025,CUST2384,Customer_365,49,Male,Gaya,Laptop,Electronics,3,10131.58,30394.74,2025,2,Other,10,30394.74,TRUE,Middle Age
ORD100913,04-05-2025,CUST5025,Customer_159,28,Female,Patna,Book,Education,1,20875.52,20875.52,2025,5,Other,4,20875.52,TRUE,Young Adult
ORD100914,28-07-2025,CUST5363,Customer_86,22,Female,Pune,Shoes,Fashion,3,43152.69,129458.07,2025,7,Other,28,129458.07,TRUE,Young Adult
ORD100915,21-05-2025,CUST1753,Customer_493,58,Female,Hyderabad,Shoes,Fashion,1,3239.94,3239.94,2025,5,Other,21,3239.94,TRUE,Middle Age
ORD100916,27-02-2025,CUST7186,Customer_150,36,Female,Mumbai,Shoes,Fashion,1,10625.65,10625.65,2025,2,Other,27,10625.65,TRUE,Adult
ORD100917,03-04-2025,CUST2804,Customer_115,32,Female,Pune,Mobile,Electronics,3,30169.38,90508.14,2025,4,Other,3,90508.14,TRUE,Adult
ORD100918,06-11-2025,CUST1997,Customer_219,29,Female,Patna,Mobile,Electronics,2,29914.46,59828.92,2025,11,Other,6,59828.92,TRUE,Young Adult
ORD100919,19-11-2025,CUST7609,Customer_327,41,Female,Pune,Shoes,Fashion,5,30991.63,154958.15,2025,11,Other,19,154958.15,TRUE,Adult
ORD100920,08-12-2025,CUST7026,Customer_105,36,Female,Bengaluru,Mobile,Electronics,7,15799.46,110596.22,2025,12,Other,8,110596.22,TRUE,Adult
ORD100921,06-05-2025,CUST6414,Customer_82,30,Male,Delhi,Mobile,Electronics,6,10404.98,62429.88,2025,5,Other,6,62429.88,TRUE,Young Adult
ORD100922,19-10-2025,CUST3652,Customer_436,59,Male,Hyderabad,Book,Education,1,21496.95,21496.95,2025,10,Other,19,21496.95,TRUE,Middle Age
ORD100923,08-10-2025,CUST4106,Customer_226,33,Male,Gaya,Rice,Grocery,7,42785.56,299498.92,2025,10,Other,8,299498.92,TRUE,Adult
ORD100924,13-11-2025,CUST7933,Customer_232,50,Male,Bengaluru,Rice,Grocery,10,9123.6,91236,2025,11,Other,13,91236,TRUE,Middle Age
ORD100925,10-06-2025,CUST9299,Customer_13,62,Female,Delhi,Mobile,Electronics,6,35834.15,215004.9,2025,6,Other,10,215004.9,TRUE,Senior
ORD100926,24-12-2025,CUST5160,Customer_144,52,Female,Delhi,Book,Education,3,653.97,1961.91,2025,12,Other,24,1961.91,TRUE,Middle Age
ORD100927,31-01-2025,CUST2260,Customer_325,54,Male,Kolkata,Mobile,Electronics,3,3846.65,11539.95,2025,1,Other,31,11539.95,TRUE,Middle Age
ORD100928,03-08-2025,CUST7676,Customer_42,39,Female,Bengaluru,Rice,Grocery,10,40522.56,405225.6,2025,8,Other,3,405225.6,TRUE,Adult
ORD100929,29-08-2025,CUST7405,Customer_15,57,Male,Mumbai,Shoes,Fashion,4,39917.24,159668.96,2025,8,Other,29,159668.96,TRUE,Middle Age
ORD100930,07-12-2025,CUST4565,Customer_359,65,Female,Delhi,Rice,Grocery,1,23886.69,23886.69,2025,12,Other,7,23886.69,TRUE,Senior
ORD100931,18-01-2025,CUST6319,Customer_393,32,Female,Bengaluru,Shoes,Fashion,1,46629.03,46629.03,2025,1,Other,18,46629.03,TRUE,Adult
ORD100932,04-08-2025,CUST4077,Customer_138,50,Male,Mumbai,Laptop,Electronics,4,27478.45,109913.8,2025,8,Other,4,109913.8,TRUE,Middle Age
ORD100933,21-01-2025,CUST8537,Customer_494,50,Female,Hyderabad,Laptop,Electronics,8,4925.05,39400.4,2025,1,Other,21,39400.4,TRUE,Middle Age
ORD100934,02-04-2025,CUST6407,Customer_107,63,Male,Kolkata,Shoes,Fashion,8,35023.64,280189.12,2025,4,Other,2,280189.12,TRUE,Senior
ORD100935,01-11-2025,CUST2025,Customer_239,37,Female,Delhi,Chair,Furniture,2,49387.2,98774.4,2025,11,Other,1,98774.4,TRUE,Adult
ORD100936,10-11-2025,CUST1122,Customer_447,65,Female,Kolkata,Rice,Grocery,4,30607.95,122431.8,2025,11,Other,10,122431.8,TRUE,Senior
ORD100937,22-10-2025,CUST1997,Customer_437,40,Male,Patna,Chair,Furniture,10,7627.77,76277.7,2025,10,Other,22,76277.7,TRUE,Adult
ORD100938,28-09-2025,CUST9287,Customer_420,30,Male,Pune,Shoes,Fashion,3,44146.06,132438.18,2025,9,Other,28,132438.18,TRUE,Young Adult
ORD100939,13-12-2025,CUST5413,Customer_20,62,Male,Bengaluru,Laptop,Electronics,7,31015.64,217109.48,2025,12,Other,13,217109.48,TRUE,Senior
ORD100940,22-08-2025,CUST8466,Customer_66,43,Male,Hyderabad,Laptop,Electronics,1,47743.08,47743.08,2025,8,Other,22,47743.08,TRUE,Adult
ORD100941,11-06-2025,CUST9493,Customer_34,35,Male,Gaya,Laptop,Electronics,10,12754.35,127543.5,2025,6,Other,11,127543.5,TRUE,Adult
ORD100942,02-04-2025,CUST3576,Customer_397,53,Male,Hyderabad,Laptop,Electronics,7,45883.95,321187.65,2025,4,Other,2,321187.65,TRUE,Middle Age
ORD100943,27-07-2025,CUST2586,Customer_386,64,Male,Pune,Laptop,Electronics,5,16990.85,84954.25,2025,7,Other,27,84954.25,TRUE,Senior
ORD100944,13-07-2025,CUST3499,Customer_139,20,Male,Mumbai,Chair,Furniture,2,20191.53,40383.06,2025,7,Other,13,40383.06,TRUE,Young Adult
ORD100945,12-08-2025,CUST7718,Customer_293,26,Male,Delhi,Mobile,Electronics,8,46866.95,374935.6,2025,8,Other,12,374935.6,TRUE,Young Adult
ORD100946,28-06-2025,CUST3330,Customer_450,62,Female,Hyderabad,Mobile,Electronics,8,20319.29,162554.32,2025,6,Other,28,162554.32,TRUE,Senior
ORD100947,04-08-2025,CUST9113,Customer_175,61,Male,Hyderabad,Book,Education,6,31857.18,191143.08,2025,8,Other,4,191143.08,TRUE,Senior
ORD100948,24-02-2025,CUST1004,Customer_191,64,Female,Bengaluru,Mobile,Electronics,2,4160.77,8321.54,2025,2,Other,24,8321.54,TRUE,Senior
ORD100949,17-05-2025,CUST8381,Customer_112,40,Male,Kolkata,Book,Education,10,47314.42,473144.2,2025,5,Other,17,473144.2,TRUE,Adult
ORD100951,17-05-2025,CUST2403,Customer_258,22,Male,Pune,Mobile,Electronics,8,29747.29,237978.32,2025,5,Other,17,237978.32,TRUE,Young Adult
ORD100952,13-02-2025,CUST1357,Customer_361,48,Male,Delhi,Shoes,Fashion,8,24450.18,195601.44,2025,2,Other,13,195601.44,TRUE,Middle Age
ORD100953,16-04-2025,CUST4337,Customer_269,53,Female,Kolkata,Mobile,Electronics,4,13994.12,55976.48,2025,4,Other,16,55976.48,TRUE,Middle Age
ORD100954,11-08-2025,CUST9175,Customer_441,36,Male,Mumbai,Shoes,Fashion,9,23583.66,212252.94,2025,8,Other,11,212252.94,TRUE,Adult
ORD100955,16-06-2025,CUST7177,Customer_40,21,Male,Hyderabad,Shoes,Fashion,3,25138.65,75415.95,2025,6,Other,16,75415.95,TRUE,Young Adult
ORD100956,10-12-2025,CUST9009,Customer_424,43,Male,Mumbai,Mobile,Electronics,3,25618.42,76855.26,2025,12,Other,10,76855.26,TRUE,Adult
ORD100957,07-03-2025,CUST8996,Customer_165,59,Male,Hyderabad,Shoes,Fashion,3,42044.69,126134.07,2025,3,Other,7,126134.07,TRUE,Middle Age
ORD100958,10-04-2025,CUST3759,Customer_313,65,Female,Mumbai,Rice,Grocery,9,33475.97,301283.73,2025,4,Other,10,301283.73,TRUE,Senior
ORD100959,09-01-2025,CUST9966,Customer_455,46,Female,Kolkata,Rice,Grocery,5,29215.06,146075.3,2025,1,Other,9,146075.3,TRUE,Middle Age
ORD100050,09-02-2025,CUST7188,Customer_89,62,Male,Bengaluru,Mobile,Electronics,1,34619.77,34619.77,2025,2,Other,9,34619.77,TRUE,Senior
ORD100961,31-10-2025,CUST6311,Customer_257,65,Female,Mumbai,Book,Education,9,33480.07,301320.63,2025,10,Other,31,301320.63,TRUE,Senior
ORD100962,20-04-2025,CUST8525,Customer_126,40,Female,Gaya,Shoes,Fashion,10,8532.9,85329,2025,4,Other,20,85329,TRUE,Adult
ORD100963,09-12-2025,CUST9285,Customer_452,49,Female,Gaya,Laptop,Electronics,7,31899.76,223298.32,2025,12,Other,9,223298.32,TRUE,Middle Age
ORD100964,08-12-2025,CUST8387,Customer_133,48,Female,Bengaluru,Chair,Furniture,5,30847.69,154238.45,2025,12,Other,8,154238.45,TRUE,Middle Age
ORD100965,02-09-2025,CUST5726,Customer_192,20,Male,Pune,Mobile,Electronics,2,39578.6,79157.2,2025,9,Other,2,79157.2,TRUE,Young Adult
ORD100966,13-05-2025,CUST7238,Customer_335,54,Female,Delhi,Mobile,Electronics,8,35028.53,280228.24,2025,5,Other,13,280228.24,TRUE,Middle Age
ORD100967,05-07-2025,CUST3843,Customer_209,44,Female,Bengaluru,Mobile,Electronics,6,6287.85,37727.1,2025,7,Other,5,37727.1,TRUE,Adult
ORD100968,15-02-2025,CUST7185,Customer_285,61,Female,Delhi,Chair,Furniture,3,32751.77,98255.31,2025,2,Other,15,98255.31,TRUE,Senior
ORD100969,21-07-2025,CUST7757,Customer_494,58,Male,Mumbai,Laptop,Electronics,9,24421.73,219795.57,2025,7,Other,21,219795.57,TRUE,Middle Age
ORD100970,08-08-2025,CUST1713,Customer_457,27,Female,Bengaluru,Shoes,Fashion,1,31739.18,31739.18,2025,8,Other,8,31739.18,TRUE,Young Adult
ORD100971,22-02-2025,CUST6987,Customer_107,31,Female,Gaya,Rice,Grocery,1,6976.56,6976.56,2025,2,Other,22,6976.56,TRUE,Adult
ORD100972,05-09-2025,CUST5829,Customer_37,32,Male,Delhi,Book,Education,4,9989.04,39956.16,2025,9,Other,5,39956.16,TRUE,Adult
ORD100973,05-11-2025,CUST2542,Customer_219,43,Male,Hyderabad,Laptop,Electronics,10,43146.39,431463.9,2025,11,Other,5,431463.9,TRUE,Adult
ORD100974,28-07-2025,CUST4869,Customer_392,37,Male,Kolkata,Laptop,Electronics,10,48566.78,485667.8,2025,7,Other,28,485667.8,TRUE,Adult
ORD100976,29-05-2025,CUST5338,Customer_269,22,Female,Patna,Shoes,Fashion,3,46910.35,140731.05,2025,5,Other,29,140731.05,TRUE,Young Adult
ORD100977,16-10-2025,CUST5373,Customer_256,24,Male,Delhi,Shoes,Fashion,1,25737.43,25737.43,2025,10,Other,16,25737.43,TRUE,Young Adult
ORD100978,20-02-2025,CUST2256,Customer_284,50,Male,Hyderabad,Shoes,Fashion,3,38656.45,115969.35,2025,2,Other,20,115969.35,TRUE,Middle Age
ORD100979,13-06-2025,CUST7388,Customer_6,48,Male,Hyderabad,Rice,Grocery,6,44566.74,267400.44,2025,6,Other,13,267400.44,TRUE,Middle Age
ORD100980,22-11-2025,CUST1159,Customer_492,30,Male,Pune,Laptop,Electronics,5,16513.54,82567.7,2025,11,Other,22,82567.7,TRUE,Young Adult
ORD100981,03-08-2025,CUST9081,Customer_448,24,Male,Hyderabad,Book,Education,6,5066.44,30398.64,2025,8,Other,3,30398.64,TRUE,Young Adult
ORD100982,30-03-2025,CUST4003,Customer_305,54,Female,Bengaluru,Rice,Grocery,10,46852.2,468522,2025,3,Other,30,468522,TRUE,Middle Age
ORD100983,03-09-2025,CUST6511,Customer_15,54,Male,Mumbai,Shoes,Fashion,3,18013.26,54039.78,2025,9,Other,3,54039.78,TRUE,Middle Age
ORD100984,07-11-2025,CUST2836,Customer_434,46,Female,Patna,Shoes,Fashion,4,36188.72,144754.88,2025,11,Other,7,144754.88,TRUE,Middle Age
ORD100985,19-05-2025,CUST3730,Customer_397,58,Female,Gaya,Chair,Furniture,3,33517.79,100553.37,2025,5,Other,19,100553.37,TRUE,Middle Age
ORD100986,27-03-2025,CUST9945,Customer_495,24,Male,Hyderabad,Rice,Grocery,1,3375.35,3375.35,2025,3,Other,27,3375.35,TRUE,Young Adult
ORD100987,16-03-2025,CUST1603,Customer_434,37,Female,Mumbai,Mobile,Electronics,4,34140.07,136560.28,2025,3,Other,16,136560.28,TRUE,Adult
ORD100988,16-12-2025,CUST9871,Customer_187,27,Female,Pune,Mobile,Electronics,2,17345.15,34690.3,2025,12,Other,16,34690.3,TRUE,Young Adult
ORD100989,18-10-2025,CUST2418,Customer_425,57,Male,Gaya,Chair,Furniture,2,46527.93,93055.86,2025,10,Other,18,93055.86,TRUE,Middle Age
ORD100990,14-04-2025,CUST2126,Customer_385,34,Male,Patna,Rice,Grocery,1,21819.5,21819.5,2025,4,Other,14,21819.5,TRUE,Adult
ORD100991,28-02-2025,CUST1284,Customer_375,31,Male,Bengaluru,Mobile,Electronics,4,26365.27,105461.08,2025,2,Other,28,105461.08,TRUE,Adult
ORD100992,20-08-2025,CUST6389,Customer_484,27,Male,Kolkata,Chair,Furniture,9,34835.55,313519.95,2025,8,Other,20,313519.95,TRUE,Young Adult
ORD100993,16-06-2025,CUST9381,Customer_10,52,Male,Patna,Book,Education,8,44625.98,357007.84,2025,6,Other,16,357007.84,TRUE,Middle Age
ORD100994,11-07-2025,CUST2967,Customer_483,52,Female,Mumbai,Chair,Furniture,5,7279.34,36396.7,2025,7,Other,11,36396.7,TRUE,Middle Age
ORD100995,30-07-2025,CUST9092,Customer_97,64,Male,Mumbai,Chair,Furniture,1,37930.19,37930.19,2025,7,Other,30,37930.19,TRUE,Senior
ORD100996,12-06-2025,CUST9351,Customer_352,36,Male,Pune,Book,Education,9,44322.64,398903.76,2025,6,Other,12,398903.76,TRUE,Adult
ORD100997,07-11-2025,CUST6410,Customer_301,61,Male,Gaya,Laptop,Electronics,9,35405.54,318649.86,2025,11,Other,7,318649.86,TRUE,Senior
ORD100998,03-09-2025,CUST7618,Customer_154,25,Male,Gaya,Shoes,Fashion,5,18454.65,92273.25,2025,9,Other,3,92273.25,TRUE,Young Adult
ORD100999,30-09-2025,CUST9544,Customer_140,62,Female,Hyderabad,Laptop,Electronics,9,12971.59,116744.31,2025,9,Other,30,116744.31,TRUE,Senior
ORD101001,23-04-2025,CUST2714,Customer_98,58,Female,Gaya,Chair,Furniture,9,22493.87,202444.83,2025,4,Other,23,202444.83,TRUE,Middle Age
